歌名,歌手,語言,音圓代號,金嗓代號,弘音代號,集數,備註
愛情限時批,伍佰,台語,12345,,,,
帶著初心去流浪,,台語,200622,,,1314,
習慣一個人,,台語,200624,,,1314,
失去的資格,,台語,200625,,,1314,
陪伴就好,,台語,200626,,,1315,
親愛的姐妹,,台語,200627,,,1315,
千與千尋,,台語,200628,,,1315,
太小,,台語,200629,,,1315,
危險愛情,,華語,200630,,,1316,
我還是愛著他,,華語,200631,,,1316,
阿拉丁,,華語,200632,,,1316,
陌生的熟悉,,華語,200633,,,1316,
大雨中,,華語,200674,,,1317,
愛似仙人掌,,華語,200675,,,1317,
小幸福,,華語,200676,,,1317,
因為我願意,,華語,200677,,,1318,
琉璃鎖,,華語,200678,,,1317,
你幸福我快樂,,華語,200679,,,1317,
雪殤,,華語,200680,,,1318,
風箏斷了線,,華語,200681,,,1319,
感動的淚花,,華語,200682,,,1320,
庸人自擾,,華語,200683,,,1320,
傻愛,,華語,200684,,,1321,
被遺忘的海,,華語,200686,,,1323,
一輩子的愛,,華語,200687,,,1318,
遇見你才懂愛情,,華語,200688,,,1318,
愛是兩個人一輩,,華語,200689,,,1318,
牽手的約定,,華語,200690,,,1319,
只是錯的人,,華語,200691,,,1323,
天長地久的方式,,華語,200692,,,1324,
稻花香,,華語,200693,,,1319,
遙遠的心,,華語,200694,,,1320,
人見人愛,,華語,200695,,,1320,
有你 有我,,華語,200696,,,1319,
一萬種如果,,華語,200697,,,1319,
憑什麼愛過,,華語,200698,,,1320,
可否,,華語,200708,,,1321,
紅塵有你不寂寞,,華語,200709,,,1321,
今生錯過你,,華語,200710,,,1323,
其實很早我就喜,,華語,200711,,,1321,
我的道歉你的抱歉,,華語,200712,,,1323,
對的時間對的地 自由派對 點遇到對的你 梭 ○ 代表【midi無人聲】 ★ 代表【原聲 或 原聲原影】 適用機型：S-2001(BD/IMSBP系列/N系列/N2系列/W系列),● 代表【midi+人聲伴唱】 利用人如欲使用本產品於「公開場所」使用，請逕洽集管團體或著 ◆ 代表【midi+原聲伴唱】 作財產權人取得「公播授權」後，始得合法使用 1 上述符號為【歌曲類型】依機型及功能而有所不同 發行日期 2023/11,華語,200713,,,1324,
男人何苦為難自己 抒情搖滾 ◆,,華語,200714,,,1324,
江南情歌,,華語,200715,,,1321,
喜從天降,,華語,200717,,,1323,
午夜綻放的花,,華語,200718,,,1324,
別在乎,,華語,200719,,,1324,
自由翱翔,,華語,200721,,,1324,
散了就好,,華語,200722,,,1324,
勇敢的期待,,華語,200723,,,1325,
彼岸花,,華語,200724,,,1325,
旅行就去加利福 劉小樂 尼亞 Bossa Nova ○ 代表【midi無人聲】 ★ 代表【原聲 或 原聲原影】 適用機型：S-2001(BD/IMSBP系列/N系列/N2系列/W系列),● 代表【midi+人聲伴唱】 利用人如欲使用本產品於「公開場所」使用，請逕洽集管團體或著 ◆ 代表【midi+原聲伴唱】 作財產權人取得「公播授權」後，始得合法使用 1 上述符號為【歌曲類型】依機型及功能而有所不同 發行日期 2023/12,華語,200725,,,1325,
山河圖,,華語,200726,,,1325,
聆聽,,華語,200727,,,1325,
火熱時光,,華語,200728,,,1326,
住進我心裡的那,,華語,200729,,,1326,
半圓,,華語,200730,,,1326,
謝謝你,,華語,200731,,,1326,
去年夏天,,華語,200757,,,1327,
東西,,華語,200758,,,1327,
醉流年,,客語,200759,,,1328,
不歸人,,客語,200760,,,1328,
時光戀人,,客語,200761,,,1328,
孤獨終老 Mod Soul 花僮 ◆,,客語,200762,,,1328,
忘川情,,客語,200763,,,1328,
雲煙如昨,,客語,200764,,,1328,
逆流成海,,客語,200765,,,1328,
心兒屬於你,,台語,200766,,,1332,
好喜歡你,,台語,200767,,,1332,
你的,,台語,200768,,,1332,
一片空白,,台語,200769,,,1332,
該不該放手,,台語,200770,,,1332,
算了吧,,華語,200771,,,1333,
蒼白,,華語,200772,,,1333,
愛恨自擾,,華語,200773,,,1331,
天黑了,,華語,200774,,,1331,
不要煩惱,,華語,200775,,,1333,
你你我我,,客語,200776,,,1333,
流年渡口,,客語,200777,,,1328,
白白,,華語,200778,,,1333,
越想越寂寞,,華語,200799,,,1327,
小寂寞,,華語,200800,,,1328,
習慣性想你,,華語,200801,,,1327,
禪花,,華語,200802,,,1328,
I always believe,,華語,200803,,,1328,
說散就散的人,,客語,200804,,,1328,
借愛,,華語,200805,,,1327,
我就是想哭,,客語,200806,,,1333,
假裝世界沒有你,,華語,200807,,,1337,
膽小的翻車魚,,華語,200808,,,1337,
跺跺腳,,華語,200809,,,1338,
如果他比我愛你,,客語,200810,,,1338,
我的淚為了誰,,華語,200811,,,1339,
得到你的人卻得 歌曲 歡子,,華語,200812,,,1339,
一個人的精彩,,華語,200813,,,1339,
一直在等你回頭,,華語,200814,,,1339,
愛情碼頭,,華語,200815,,,1340,
簡單的幸福,,客語,200816,,,1338,
那年花開月正圓,,華語,200817,,,1340,
舊時光,,台語,200818,,,1341,
一種愛,,台語,200819,,,1342,
靜聽,,華語,200822,,,1345,
回到那一天,,華語,200823,,,1345,
出塞,,台語,200824,,,1346,
其實我們都沒錯,,華語,200825,,,1345,
愛在深秋,,台語,200826,,,1346,
請你陪我走,,台語,200827,,,1347,
真的用心良苦,,台語,200828,,,1348,
如此堅定,,台語,200829,,,1347,
沒有人心疼,,台語,200830,,,1348,
情人結,,台語,200831,,,1348,
心中的一道彩虹,,華語,200832,,,1349,
光棍天堂,,台語,200833,,,1350,
穿過琴弦的月光,,華語,200834,,,1349,
水鄉的月光,,台語,200835,,,1350,
雪域情歌,,台語,200838,,,1350,
大大大草原,,華語,200839,,,1351,
只是一場戲,,華語,200840,,,1351,
最美的情歌,,台語,200841,,,1352,
愛太深,,台語,200842,,,1352,
愛死不放手,,華語,200844,,,1345,
寸草心,,華語,200853,,,1326,
找一個可以喝醉 ◆ 周素美,東方傳奇,國語,200854,,,1332,
就像你的好,,台語,200856,,,1332,
三國,,華語,200857,,,1335,
懷念過去,,華語,200858,,,1334,
獨身宣言,,台語,200859,,,1332,
魔法,,華語,200860,,,1338,
用什麼證明你愛,,客語,200861,,,1338,
好花不常開 梭 歌曲 ◆ 徐一鳴,,華語,200862,,,1338,
這一刻,,華語,200863,,,1326,
付出不一定能收回,,台語,200864,,,1332,
愛過不後悔,,華語,200865,,,1334,
愛需要全心全意,,客語,200866,,,1338,
愛在２０１２,,台語,200867,,,1332,
愛情紅綠燈 Hip-Hop ◆ 彭鈺雯 ◆ 羅聰,,客語,200868,,,1338,
親愛的能不能再,,客語,200869,,,1338,
幸福的開始,,華語,200870,,,1326,
誰愛我,,華語,200871,,,1338,
大聲唱,,台語,200878,,,1346,
秋畫,,台語,200879,,,1347,
我從草原來,,華語,200880,,,1345,
天籟傳奇,,台語,200881,,,1348,
星光,,華語,200882,,,1349,
溜溜的情歌,,華語,200883,,,1351,
分手情歌,,台語,200884,,,1346,
荷塘夜色,,台語,200885,,,1347,
是誰偷了誰的心,,台語,200886,,,1348,
思念如歌,,華語,200887,,,1349,
美麗的謊言,,華語,200888,,,1351,
這次真的動了心,,華語,200889,,,1353,
寂寞讓我想起你的 王強 美麗,,華語,200890,,,1353,
飄零,,華語,200891,,,1354,
一路高飛,,台語,200893,,,1348,
愛到底,,台語,200894,,,1352,
那些遠去的愛,,華語,200895,,,1353,
我怕,,華語,200896,,,1353,
像羽毛一樣輕,,華語,200897,,,1354,
天亮,,台語,200899,,,1346,
愛上了沈春陽 Hip-Hop 龍軍,,華語,200901,,,1353,
Now is the time,,華語,200902,,,1351,
等你等了那麼久,,華語,200978,,,1329,
醉相思,,華語,200979,,,1330,
老婆你辛苦了,,華語,200980,,,1330,
包容,,華語,200981,,,1329,
荷塘月色,,華語,200982,,,1330,
最炫民族風,,華語,200983,,,1329,
心肝貼心肝,候的自己,台語,201001,,,1339,
奇跡世界,,華語,201014,,,1339,
我不是公主,,華語,201015,,,1340,
郎的誘惑,,台語,201016,,,1341,
天藍藍,,台語,201017,,,1342,
願為你死去,,華語,201018,,,1340,
放膽愛吧,,台語,201019,,,1341,
就讓你成為昨天,,台語,201020,,,1342,
傷城,,華語,201021,,,1339,
我會用一生時間,,台語,201022,,,1342,
喝彩輝煌,,華語,201023,,,1343,
這裡還有童話,,台語,201024,,,1341,
白色裙邊,,台語,201025,,,1342,
無人等候,,華語,201026,,,1340,
夢裡的愛,,台語,201027,,,1341,
寫你的歌,,台語,201028,,,1342,
避免傷害,,台語,201029,,,1341,
加勒比海盜,,台語,201030,,,1342,
Say I Love You Tonight,,台語,201031,,,1342,
愛上你的愛,,華語,201032,,,1343,
不是不想,,台語,201033,,,1344,
Because Anyway,,台語,201034,,,1352,
愛，亮晶晶,,台語,201035,,,1342,
別有用心,,台語,201037,,,1344,
別離開,,華語,201038,,,1353,
情毒,,台語,201039,,,1342,
措手不及,,華語,201040,,,1345,
熱鍋上的螞蟻,,華語,201041,,,1353,
只要有愛,,華語,201042,,,1354,
我該怎麼做,,華語,201043,,,1343,
愛情的城堡,,台語,201044,,,1344,
原諒我一次,,華語,201045,,,1345,
What is love,,華語,201048,,,1353,
我的小寶氣,,台語,201050,,,1352,
愛的漂移,,華語,201051,,,1343,
愛像月光海,,台語,201052,,,1347,
青春的影子,,華語,201053,,,1354,
遙遠的愛,,台語,201216,,,1314,
心綿綿情綿綿 華爾滋 藍詠思 ◆,,國語,201217,,,1314,
我是妳的天,,台語,201219,,,1314,
甘願,,台語,201220,,,1314,
春花秋月,,台語,201222,,,1314,
愛上我,,台語,201223,,,1348,
我的童年,,華語,201224,,,1353,
策馬奔騰,,台語,201227,,,1352,
When you cry,,華語,201228,,,1354,
You Know My Name,,台語,201230,,,1348,
有份愛情放不下,,華語,201237,,,1354,
假如時光會倒流,,台語,201314,,,1344,
離開你是我這輩子 陶鈺玉 的遺憾,,台語,201324,,,1352,
給你機會誠實,,台語,201397,,,1314,
不要以為,,台語,201398,,,1315,
又見山裡紅,,台語,201402,,,1315,
愛你就放了你,,台語,201403,,,1315,
別傷害我,,華語,201404,,,1316,
見你一面,,華語,201405,,,1316,
因為愛你戒了煙,,華語,201406,,,1317,
親愛的你知不知道,,華語,201407,,,1317,
我們的幸福呢,,華語,201408,,,1317,
火了愛,,台語,201654,,,1314,
愛的期限,,台語,201655,,,1314,
你偷走了我的心,,台語,201656,,,1314,
原來有你,,台語,201730,,,1350,
一曲相思,,台語,201731,,,1350,
愛情就像一首歌,,台語,201732,,,1352,
為你心醉,,台語,201765,,,1315,
多情世界,,台語,201766,,,1316,
SAKURA之戀,,國語,201767,,,1315,
茉莉花,,台語,201768,,,1315,
眷戀,,台語,201769,,,1317,
媽媽卡大天,,國語,201770,,,1315,
心愛的人,,台語,201771,,,1316,
墾丁之戀 探戈 歌曲 ◆ 黃鶯,,台語,201772,,,1317,
無底找,,台語,201773,,,1317,
妳過了好嗎,,國語,201774,,,1315,
相思伴孤影,,華語,201775,,,1317,
情問天,,台語,201776,,,1317,
三年感情,,華語,201777,,,1318,
愛無路來,,華語,201778,,,1318,
癡情傷,,華語,201779,,,1318,
愛情酸甘甜,,華語,201780,,,1317,
愛你愛袂停,,台語,201781,,,1319,
女人不是軟弱,,華語,201782,,,1319,
愛情無嫌貴 恰恰 ◆ 呂秋霓 ◆ 王奕心,,華語,201783,,,1319,
情火,,台語,201784,,,1323,
這首歌,,台語,201785,,,1324,
魔力U&Me Techno ◆ 李明洋,,華語,201786,,,1327,
蝴蝶亂飛,,華語,201787,,,1327,
成對成雙,,台語,201788,,,1319,
為你醉千年,,華語,201789,,,1324,
半暝酒,,台語,201790,,,1342,
愛你愛你,,華語,201791,,,1324,
你的心,,台語,201792,,,1327,
放下,,台語,201793,,,1324,
男人的歌 恰恰 ◆ 華昇,,台語,201794,,,1324,
愛•無卡紙,,台語,201795,,,1316,
人生相逢,,台語,201796,,,1339,
隨在伊,,台語,201797,,,1324,
情的鎖鍊,,台語,201798,,,1339,
袂慣習,,台語,201799,,,1326,
有你尚好,,台語,201800,,,1340,
寂寞,,台語,201801,,,1342,
阮欲如何,,台語,201802,,,1339,
女人的名字,,華語,201803,,,1324,
無名情花,,華語,201804,,,1324,
最愛你,,台語,201805,,,1326,
問心肝,,台語,201806,,,1323,
前世注定,,台語,201807,,,1325,
夢成雙 華爾滋 歌曲 ◆ 邱芸子,,台語,201808,,,1326,
愛的數字,牽著手 梭 探戈 ◆ 唐惠理,台語,201809,,,1340,
若有一天,,華語,201810,,,1318,
摸心肝,類型,華語,201811,,,1326,
愛你心袂停,,台語,201812,,,1341,
心飛千萬里,,華語,201814,,,1326,
天涯總有相逢時,,華語,201815,,,1326,
甜甜,,台語,201816,,,1341,
冷月,,台語,201817,,,1341,
愛的Tempo 恰恰 ◆ 潘佩莉.李明洋,,台語,201818,,,1326,
思念的茶,,台語,201819,,,1341,
眼淚哭乎乾,,台語,201820,,,1341,
同心鳥,,台語,201821,,,1339,
晚頓,,台語,201822,,,1342,
愛你第一名,,台語,201823,,,1342,
紅顏女人花,,台語,201824,,,1342,
愛情燒抺退,的神話 中板靈魂樂 搖滾 韋俊男.蔡燕文,台語,201826,,,1342,
水中花,,台語,201827,,,1327,
一吻天涯,,華語,202106,,,1343,
不要對我說,,華語,202107,,,1343,
不該相遇在秋天,,台語,202108,,,1344,
迎新年,,台語,202115,,,1352,
傷心淚,,台語,202179,,,1314,
愛甲這尼深,,國語,202180,,,1314,
問嫦娥,,台語,202189,,,1314,
兩杯拿鐵,,國語,202192,,,1314,
睏,,台語,202193,,,1314,
指尖的如果,,國語,202196,,,1314,
取西經,,國語,202197,,,1314,
一段情緣,,台語,202199,,,1314,
想著過去想起你,,國語,202200,,,1314,
港都秋夜暝,,國語,202201,,,1314,
就是要幸福,,國語,202202,,,1314,
特魯多 葉冠成.廖鳳英,,國語,202203,,,1314,
癡情風雨,,台語,202204,,,1314,
父母攏是為著咱 華爾滋 ○ 代表【midi無人聲】 ★ 代表【原聲 或 原聲原影】 適用機型：S-2001(BD/IMSBP系列/N系列/N2系列/W系列),● 代表【midi+人聲伴唱】 利用人如欲使用本產品於「公開場所」使用，請逕洽集管團體或著 ◆ 代表【midi+原聲伴唱】 作財產權人取得「公播授權」後，始得合法使用 1 上述符號為【歌曲類型】依機型及功能而有所不同 發行日期 2023/02,國語,202205,,,1315,
美夢已經醒,,國語,202206,,,1315,
舊情難忘 華爾滋 ◆ 張瀛仁 ◆ 黃崇凱,,國語,202207,,,1315,
花落雨紛飛,,華語,202208,,,1316,
講話,,台語,202209,,,1315,
愛的表白,,台語,202210,,,1315,
真愛無後悔,,華語,202211,,,1316,
愛妳用生命,,華語,202212,,,1316,
快樂的寶貝,,華語,202213,,,1316,
好好愛自己,,台語,202214,,,1316,
飲酒的藉口,,華語,202215,,,1317,
相逢萬里橋,,華語,202216,,,1317,
心的力量唯有愛,,台語,202217,,,1317,
選擇的人生,,華語,202218,,,1317,
愛情列車,,台語,202219,,,1315,
戀花開,,台語,202220,,,1315,
無所謂,,台語,202221,,,1315,
心愛的謝謝,,國語,202224,,,1315,
舊衫,,台語,202225,,,1315,
負擔,,台語,202226,,,1316,
一卡手戒,,台語,202227,,,1316,
玉蘭花,,台語,202228,,,1315,
戀戀娜奴娃 梭 ○ 代表【midi無人聲】 ★ 代表【原聲 或 原聲原影】 適用機型：S-2001(BD/IMSBP系列/N系列/N2系列/W系列),● 代表【midi+人聲伴唱】 利用人如欲使用本產品於「公開場所」使用，請逕洽集管團體或著 ◆ 代表【midi+原聲伴唱】 作財產權人取得「公播授權」後，始得合法使用 1 上述符號為【歌曲類型】依機型及功能而有所不同 發行日期 2023/03,華語,202229,,,1316,
密碼,,國語,202230,,,1315,
不管,,國語,202231,,,1315,
淪陷,,台語,202232,,,1316,
我想靜靜,,台語,202233,,,1316,
友孝,,台語,202259,,,1316,
吉祥常樂,,台語,202260,,,1316,
失落的情緣,,華語,202261,,,1316,
啥米叫幸福,,華語,202262,,,1316,
愛你到老,類型,華語,202263,,,1316,
奮鬥的人生 探戈 林娜 ◆,,華語,202264,,,1316,
深深戀情 探戈 ◆ 方瑞娥,,台語,202275,,,1317,
拜託天公伯,類型 梭 ◆ 李素專 ◆ 林可昕,華語,202276,,,1317,
空心的巢,,台語,202277,,,1319,
無心,,台語,202278,,,1319,
戀戀純情夢,,華語,202279,,,1319,
重新出發,,台語,202290,,,1317,
水中影,,台語,202291,,,1318,
緣盡情抹煞,,華語,202292,,,1317,
思念港邊,,台語,202293,,,1317,
講乎伊知,,華語,202294,,,1318,
嘿 我的天使,,台語,202295,,,1317,
白鴿的歌,,台語,202296,,,1317,
原點,,台語,202297,,,1318,
青春在流浪,,台語,202298,,,1318,
答案,,台語,202299,,,1318,
抱抱舞,,台語,202300,,,1318,
萬丈深坑,,華語,202301,,,1318,
高山巖之戀 恰恰 ◆ 李雨璇,,華語,202302,,,1318,
度假,,台語,202303,,,1318,
輸贏,,台語,202304,,,1318,
樂暢的人生,,華語,202305,,,1319,
綿綿風雨情,,華語,202306,,,1319,
花言甲巧語 特魯多 ◆ 詹曼鈴,,台語,202307,,,1319,
惜緣,,台語,202308,,,1319; 1342,
咱的巢,,台語,202309,,,1320,
找嘸出路的愛,,華語,202310,,,1320,
吃煙的心情,,華語,202311,,,1320,
快樂的碳坑仔人,,華語,202312,,,1320,
走揣,,台語,202313,,,1318,
幸福的一家人 梭 ○ 代表【midi無人聲】 ★ 代表【原聲 或 原聲原影】 適用機型：S-2001(BD/IMSBP系列/N系列/N2系列/W系列),● 代表【midi+人聲伴唱】 利用人如欲使用本產品於「公開場所」使用，請逕洽集管團體或著 ◆ 代表【midi+原聲伴唱】 作財產權人取得「公播授權」後，始得合法使用 1 上述符號為【歌曲類型】依機型及功能而有所不同 發行日期 2023/05,華語,202314,,,1318,
空望,,台語,202315,,,1318,
合心變黃金 梭 八妹 ◆,,華語,202316,,,1318,
纏綿到天光,,華語,202322,,,1319,
甜粅粅,類型 梭 ◆ 王中平 ◆ 鄭源,華語,202325,,,1318,
無奈,,台語,202326,,,1318,
今仔日的恰恰 恰恰 幸雅 ◆,,華語,202327,,,1319,
愛的呼喚,,台語,202328,,,1319,
可可托海的少女 吉力巴 ○ 代表【midi無人聲】 ★ 代表【原聲 或 原聲原影】 適用機型：S-2001(BD/IMSBP系列/N系列/N2系列/W系列),● 代表【midi+人聲伴唱】 利用人如欲使用本產品於「公開場所」使用，請逕洽集管團體或著 ◆ 代表【midi+原聲伴唱】 作財產權人取得「公播授權」後，始得合法使用 1 上述符號為【歌曲類型】依機型及功能而有所不同 發行日期 2023/06,華語,202329,,,1319,
英雄魂,,台語,202344,,,1320,
窗仔邊,,台語,202345,,,1320,
甘講,,台語,202346,,,1320,
火金姑來照路,,華語,202347,,,1321,
風中誓言夢中情,歡你,華語,202348,,,1321,
放乎去,,台語,202349,,,1320,
蘋果人生,,台語,202350,,,1320,
女人的心聲,,台語,202351,,,1320,
早已遠走,,台語,202352,,,1319,
千分之一,,台語,202353,,,1319,
我回家了,,台語,202354,,,1320,
影子,,台語,202355,,,1320,
第三幕,,台語,202356,,,1319,
第二人格,,台語,202357,,,1320,
多說無用,,台語,202358,,,1319,
空房間,,台語,202359,,,1319,
苦果,,台語,202360,,,1320,
如果不曾相遇,,台語,202361,,,1320,
愛擦身而過,,台語,202362,,,1320,
心碎的記憶,,華語,202363,,,1320,
寸斷的柔情,,華語,202364,,,1320,
想抹曉,,台語,202365,,,1321,
鹿谷之春,,台語,202366,,,1321,
七股海邊的女人,,華語,202367,,,1320,
天地是咱的,,華語,202380,,,1321,
真心緣,,台語,202381,,,1321,
愛的鎖匙交予你,,華語,202382,,,1321,
相愛倆茫茫,,台語,202383,,,1321,
千斤苦,,台語,202384,,,1321,
愛博這重 特魯多 歌曲 ◆ 張維祐,,台語,202385,,,1321,
痴情戀夢,,華語,202386,,,1321,
三貂嶺戀情,,華語,202387,,,1321; 1327,
今生緣今世情,,華語,202392,,,1323,
為紅顏,,台語,202393,,,1321,
淚中花,,台語,202394,,,1321,
迷魂的探戈,,華語,202395,,,1321,
一句愛你買多少,,華語,202396,,,1321,
愛人呀,,台語,202399,,,1321,
Don't Cry,,台語,202400,,,1321,
選擇遺忘,,台語,202403,,,1321,
這世界,,台語,202404,,,1321,
等你到何時,,華語,202410,,,1323,
等無伊,,台語,202411,,,1323,
心手相連,,台語,202429,,,1323,
葫蘆觀音媽,,華語,202430,,,1323,
心愛的你咁知,,華語,202447,,,1323,
心愛的人 恰恰 李偉誠,,台語,202448,,,1323,
甜蜜愛情 恰恰 歌曲 ◆ 一綾,,台語,202449,,,1324,
阿爸,,台語,202450,,,1324,
為你守護 抒情搖滾 歌曲 ◆ 詠心,,台語,202454,,,1323,
幸福有我就有你,,華語,202455,,,1323,
人生旅途,,台語,202456,,,1323,
耍賴,,台語,202462,,,1323,
冷影,,台語,202463,,,1323,
愛情天堂,,台語,202464,,,1324,
盪鞦韆,,台語,202465,,,1324,
不忘,,台語,202466,,,1323,
小八卦,,台語,202467,,,1323,
灰黑白,,台語,202468,,,1324,
習慣,,台語,202469,,,1324,
迷失,,台語,202470,,,1324,
醉月,,台語,202471,,,1323,
一個人的咖啡,,華語,202472,,,1323,
為你寫的詩,,華語,202473,,,1323,
謝謝你,,台語,202484,,,1325,
堅持到成功,,華語,202485,,,1325,
舉枷,,台語,202486,,,1326,
你甘知,,台語,202487,,,1324,
愛妳的劇本,,華語,202488,,,1324,
愛你在今夜,,華語,202489,,,1324,
藏愛,,台語,202491,,,1325,
月娘呦,,台語,202492,,,1325,
再見不見,,台語,202493,,,1325,
幸福的體會 梭 郭彥谷,,華語,202494,,,1325,
足愛你,,台語,202499,,,1325,
夜思戀,,台語,202500,,,1325,
無拼哪會紅,,華語,202501,,,1325,
微微,,台語,202502,,,1325,
不作歹命子 慢迪斯可 歌曲 ◆ 田易佳,,台語,202503,,,1325,
獨一無二,,華語,202518,,,1326,
無字情歌,,華語,202519,,,1326,
放手一搏,,台語,202524,,,1325,
三更,,台語,202525,,,1326,
天生絕配,,華語,202526,,,1326,
如果從此,,台語,202527,,,1325,
美麗與哀愁,,台語,202528,,,1326,
嚮往,,台語,202529,,,1325,
今天有雨,,台語,202530,,,1326,
此刻時分,,台語,202531,,,1326,
活該,,台語,202532,,,1325,
青春白帆,,台語,202533,,,1325,
旗后臨水宮宮歌,,華語,202534,,,1325,
愛情支票,,華語,202547,,,1326,
禮讚 藥師佛頌,,台語,202548,,,1326,
幸福來相偎,,華語,202549,,,1326,
拼落去 探戈 ◆ 林春甄,,台語,202550,,,1327,
花蕊夢醒 探戈 歌曲 周素美.寒雲 ◆,,台語,202561,,,1327,
快樂做自己,,華語,202562,,,1327,
快樂無憂愁 特魯多 朱宏敏.張純玉 ◆,,華語,202563,,,1327,
幸福向前行 吉力巴 ◆ 張純玉,,華語,202564,,,1327,
幸福過日子 恰恰 ◆ 昉蔝,,華語,202565,,,1327,
桃園車站的戀情 華爾滋 ◆ 許吉本,,華語,202566,,,1327,
感情一字痛,,華語,202567,,,1327,
緣盡情深,,華語,202568,,,1327,
你就是方向,,台語,202569,,,1327,
心痛無卡紙,,華語,202570,,,1327,
有情有義的好兄弟 梭 ○ 代表【midi無人聲】 ★ 代表【原聲 或 原聲原影】 適用機型：S-2001(BD.IMSBP系列.N系列.N2系列.W系列),● 代表【midi+人聲伴唱】 利用人如欲使用本產品於「公開場所」使用，請逕洽集管團體或著 ◆ 代表【midi+原聲伴唱】 作財產權人取得「公播授權」後，始得合法使用 1 上述符號為【歌曲類型】依機型及功能而有所不同 發行日期 2024/02,華語,202571,,,1327,
墜落情海 梭 ◆ 林璟証 ◆ V-girls李俊,,華語,202572,,,1327,
逐夢英雄,,台語,202573,,,1327,
異鄉戀歌,,台語,202584,,,1328,
流浪的背影,,華語,202585,,,1329,
竹山好所在 梭 盧正焜/蔡沼玲,,台語,202586,,,1329,
一杯黑咖啡,,台語,202587,,,1328,
緣,,台語,202588,,,1328,
今生的依偎,,台語,202590,,,1328,
牽你的雙手,類型,華語,202591,,,1328,
一萬滴淚滴,,台語,202594,,,1328,
我的神曲,,台語,202595,,,1329,
夢見,,台語,202596,,,1329,
今生唯一的愛,,華語,202597,,,1328,
恩恩愛愛,,台語,202598,,,1328,
姊弟戀,,台語,202599,,,1329,
對酒,,華語,202600,,,1329,
依官網/ＤＭ產品規格表定義為準,,華語,202601,,,3022,
依官網/ＤＭ產品規格表定義為準,,台語,202603,,,3024,
有閒來撩,,客語,202604,,,1328,
依官網/ＤＭ產品規格表定義為準,,客語,202607,,,1356,
美麗愛情詩,,華語,202618,,,1329,
拼出一片天 倫巴 ◆ 江意銘 ◆ 鄭源,,華語,202619,,,1329,
夢中在想你 梭 歌曲 寒雲 ◆ 類型 歌號 粵語歌曲,,華語,202620,,,1329,
愛刻置阮心底 梭 ◆ 莎拉 Sana,,華語,202621,,,1329,
台灣向前行,的你,台語,202622,,,1329,
迷戀恰恰,類型 恰恰 ◆ 王俊清 ◆ 祁隆,華語,202624,,,1330,
千行淚,,台語,202625,,,1330,
愛你無理由,,華語,202626,,,1330,
放風飛 華爾滋 ◆ 林俊吉,,台語,202627,,,1330,
傷心伴孤單,,華語,202628,,,1330,
溫柔心機,,台語,202629,,,1329,
感情的車班,,華語,202630,,,1329,
想要無共樣,,客語,202631,,,1329,
對手,,台語,202632,,,1329,
愛情的花欉,,華語,202633,,,1329,
草屯媽之歌,,華語,202634,,,1329,
幸福全世界 Country 歌曲 ◆ 寒雲,,台語,202635,,,1329,
痴情,,台語,202636,,,1330,
孤緣花,,台語,202637,,,1330,
祝福,,台語,202638,,,1330,
故鄉的愛人 華爾滋 ◆ 張漢朝,,華語,202639,,,1330,
共度一生,,台語,202640,,,1330,
愛的腳步,,華語,202641,,,1330,
快樂大廟埕,,華語,202642,,,1330,
幸福的糖仔,,華語,202643,,,1330,
愛你的代價,,華語,202644,,,1330,
懷念的唐山石,,華語,202645,,,1330,
甘巴爹,,台語,202646,,,1331,
情份,,台語,202647,,,1331,
疼入心肝,,台語,202648,,,1331,
愛你可比溪流水,,客語,202649,,,1331,
橋頂的約定,,華語,202650,,,1331,
等你等歸暝,,華語,202651,,,1331,
雪山中聖稜線,,客語,202652,,,1331,
戀戀癡情夢 特魯多 歌曲 ◆ 可樂.大洧,,華語,202653,,,1331,
全是愛,,華語,202660,,,1329,
幸福戀人,,華語,202661,,,1330,
紅墨水,,台語,202662,,,1330,
櫻桃妹妹 Techno 郭澤洋,,台語,202663,,,1331,
異鄉的浪子,,華語,202664,,,1331,
玩偶,,台語,202665,,,1330,
開趴啦,,台語,202666,,,1331,
癡情只為你 特魯多 陳美月,,華語,202667,,,1330,
風信,,台語,202668,,,1330,
路口,,台語,202669,,,1330,
獨白,,台語,202670,,,1331,
過時告白,,台語,202671,,,1331,
打拚歌,,客語,202672,,,1331,
桐花開,,客語,202673,,,1331,
阿婆嫁孫女,,客語,202674,,,1331,
耕種个阿爸 Swing ○ 代表【midi無人聲】 ★ 代表【原聲 或 原聲原影】 適用機型：S-2001(BD.IMSBP系列.N系列.N2系列.W系列),● 代表【midi+人聲伴唱】 利用人如欲使用本產品於「公開場所」使用，請逕洽集管團體或著 ◆ 代表【midi+原聲伴唱】 作財產權人取得「公播授權」後，始得合法使用 1 上述符號為【歌曲類型】依機型及功能而有所不同 發行日期 2024/06,客語,202675,,,1331,
懷念故鄉,,客語,202676,,,1331,
四季遊尞,,客語,202677,,,1332,
你是我尚深的記憶,,客語,202688,,,1331,
迪斯可 歌曲 ◆ 林俊吉,,台語,202689,,,1331,
今生尚水的伴 類型,,客語,202690,,,1331,
戀愛好滋味 恰恰 ◆ 張漢朝,,華語,202691,,,1331,
半杯酒一暝雨,,客語,202692,,,1331,
老男人,,台語,202693,,,1332,
愛的執著(舞曲版),的理由,國語,202694,,,1332,
雲中月再圓,,台語,202699,,,1332,
褪色的戀情,,台語,202700,,,1332,
多情郎,,客語,202703,,,1332,
油菜花 梭 ◆ 劉玉芳,,客語,202704,,,1332,
童年 倫巴 ◆ 劉玉芳,,客語,202705,,,1332,
勞碌个阿姆,,客語,202706,,,1332,
兄弟情無價,,客語,202707,,,1333,
天弓,,客語,202708,,,1333,
落雨毛仔,,客語,202709,,,1333,
情絲網,,客語,202710,,,1333,
月光笑,,客語,202711,,,1334,
發風搓 抒情搖滾 ◆ 劉玉芳,,客語,202712,,,1334,
寶貝孫 吉力巴 ○ 代表【midi無人聲】 ★ 代表【原聲 或 原聲原影】 適用機型：S-2001(BD.IMSBP系列.N系列.N2系列.W系列),● 代表【midi+人聲伴唱】 利用人如欲使用本產品於「公開場所」使用，請逕洽集管團體或著 ◆ 代表【midi+原聲伴唱】 作財產權人取得「公播授權」後，始得合法使用 1 上述符號為【歌曲類型】依機型及功能而有所不同 發行日期 2024/09,客語,202713,,,1334,
燈籠花,,客語,202714,,,1334,
想以前 華爾滋 劉玉芳 ◆,,客語,202715,,,1335,
新年好 特魯多 ○ 代表【midi無人聲】 ★ 代表【原聲 或 原聲原影】 適用機型：S-2001(BD.IMSBP系列.N系列.N2系列.W系列),● 代表【midi+人聲伴唱】 利用人如欲使用本產品於「公開場所」使用，請逕洽集管團體或著 ◆ 代表【midi+原聲伴唱】 作財產權人取得「公播授權」後，始得合法使用 1 上述符號為【歌曲類型】依機型及功能而有所不同 發行日期 2024/10,客語,202716,,,1335,
向前飛 梭 ◆ 劉玉芳,,客語,202717,,,1335,
感恩,,客語,202718,,,1335,
山盟伴海誓,,台語,202719,,,1332,
一領鴛鴦被,,台語,202720,,,1332,
鬥陣ㄟ,,台語,202721,,,1333,
相逢夢中見,,台語,202722,,,1332,
身邊有你,,台語,202723,,,1333,
不能停止的思念 搖滾 歌曲,,國語,202724,,,1332,
草原都是愛的歌,,台語,202725,,,1333,
晨露,,台語,202726,,,1333,
最幸福的遇見,,國語,202727,,,1332,
父母的恩情,,台語,202728,,,1333,
用情這呢深,,台語,202747,,,1333,
短暫的別離,,台語,202748,,,1333,
愛無夠堅持,,華語,202749,,,1333,
祈願淨土,,台語,202750,,,1333,
等待的心,,台語,202751,,,1333,
幸福萬萬年 慢迪斯可 洪少凱,,華語,202752,,,1333,
打拼的囝仔 特魯多 ◆ 寒雲,,台語,202753,,,1333,
青春花蕊,,台語,202754,,,1332,
等千年,,台語,202755,,,1333,
一暝花香,,台語,202756,,,1333,
老伴,,台語,202758,,,1334,
緣份,,台語,202759,,,1334,
人生的月台,,台語,202760,,,1334,
花開這當時,,華語,202761,,,1334,
敢講,,台語,202772,,,1334,
做伙拼經濟,,華語,202773,,,1334,
愛的執著,,台語,202775,,,1335,
深情烙印在心裡,,台語,202776,,,1335,
望月圓,,台語,202777,,,1335,
幸福到永遠,,台語,202778,,,1334,
冰糖咖啡,,台語,202779,,,1335,
媽祖出巡,,台語,202780,,,1335,
吸管看天,,台語,202781,,,1335,
粘相偎,,台語,202782,,,1334,
我的老婆不怕我,,台語,202783,,,1334,
無常,,台語,202784,,,1335,
那時候,,台語,202785,,,1335,
故人,,台語,202786,,,1334,
魂,,台語,202787,,,1334,
普通情歌,,台語,202788,,,1334,
我乾了你隨意,,台語,202789,,,1335,
業餘音樂家,,台語,202790,,,1335,
你給的愛全是假的,,台語,202791,,,1335,
心痛的吉他 特魯多 柯如憶,,台語,202792,,,1334,
將你當作寶,,華語,202793,,,1334,
幸福的春天,,台語,202794,,,1334,
似幻如夢的愛,,台語,202795,,,1334,
失落緣,,台語,202796,,,1334,
兩年情緣,,台語,202797,,,1334,
相挺,,台語,202808,,,1335,
彌補,,台語,202809,,,1335,
健康好命,,台語,202810,,,1335,
台西痴情夢,,客語,202811,,,1336,
原諒我,,台語,202812,,,1336,
堅持到路尾,,客語,202813,,,1336,
對妳感心,,客語,202814,,,1336,
月圓彼一暝,,客語,202815,,,1336,
我們的故事,,台語,202816,,,1336,
悔改,,台語,202823,,,1335,
愛到透老 探戈 ◆ 邱四湖.張愛蔆,,台語,202824,,,1335,
嘸願擱想妳 類型,,華語,202825,,,1335,
來世再續緣,,台語,202826,,,1335,
無奈的戀夢 華爾滋 歌曲 ◆ 潘益群,,台語,202827,,,1335,
無情人斷情絲,,華語,202828,,,1335,
情如水心如冰,,客語,202829,,,1336,
失味的愛 探戈 歌曲 ◆ 謝采吟,,台語,202830,,,1336,
鴛鴦伴相隨 扭扭 張愛蔆 ◆,,客語,202831,,,1336,
思鄉情懷,,客語,202832,,,1336,
為你改變我願意,,台語,202833,,,1336,
痛一生,,台語,202834,,,1336,
後悔已經遲 特魯多 ◆ 琳娜 ◆ 林永祥,,客語,202835,,,1337,
無奈的兩年緣,,客語,202836,,,1337,
愛已濃情已深,,台語,202837,,,1337,
癡心換絕情,,客語,202838,,,1337,
浪子回頭金不換,,客語,202839,,,1337,
愛愈深心愈痛 特魯多 ○ 代表【midi無人聲】 ★ 代表【原聲 或 原聲原影】 適用機型：S-2001(BD.IMSBP系列.N系列.N2系列.W系列),● 代表【midi+人聲伴唱】 利用人如欲使用本產品於「公開場所」使用，請逕洽集管團體或著 ◆ 代表【midi+原聲伴唱】 作財產權人取得「公播授權」後，始得合法使用 1 上述符號為【歌曲類型】依機型及功能而有所不同 發行日期 2024/11,客語,202840,,,1336,
白色新娘衫,,客語,202841,,,1336,
有情人,,台語,202842,,,1336,
阮的夢,,台語,202843,,,1337,
破碎的影片,,客語,202844,,,1337,
你的歌聲風中飛來,,台語,202845,,,1336,
鄉搖,,台語,202846,,,1337,
醒不來,,台語,202847,,,1337,
如果有一杯酒能,,台語,202848,,,1336,
向日葵的花語,,台語,202849,,,1337,
我的媽媽,,客語,202850,,,1336,
月圓相思,,台語,202851,,,1336,
懷念你,,台語,202852,,,1337,
愛愈深分袂清,,客語,202853,,,1336,
肩胛頭,,台語,202864,,,1336,
親愛的人. 袂閣,,客語,202874,,,1337,
痛心的戀情,,客語,202875,,,1337,
對你的情,,台語,202876,,,1337,
澹心肝,,台語,202877,,,1337,
山盟海誓算啥米,,客語,202878,,,1337,
人生好滋味,,客語,202879,,,1336,
大隻雞慢啼,,客語,202880,,,1336,
緣投少年家 梭 ◆ 張愛蔆,,客語,202881,,,1336,
兩人ㄟ熟悉 梭 ◆ 吳艾媄,,客語,202882,,,1336,
秋風落葉心 特魯多 ◆ 蕭清文,,客語,202883,,,1336,
送別,,客語,202884,,,1336,
童年,,客語,202885,,,1336,
這首情歌 恰恰 ◆ 張維祐,,台語,202886,,,1337,
過時的花蕊 探戈 ◆ 李芝蓁,,客語,202887,,,1336,
修行,,客語,202888,,,1336,
愛情車站,,客語,202889,,,1336,
人生一棚戲,,客語,202890,,,1336,
又見桐花雪,,客語,202891,,,1336,
聘無譴聘無譴,,客語,202892,,,1336,
一切成敗掌手中,,客語,202893,,,1337,
中華民國新希望,,客語,202894,,,1337,
你敢知人奈位痛,,客語,202895,,,1337,
苗栗山水好風光,,客語,202896,,,1337,
財神福神好運來,,客語,202897,,,1337,
苗栗願景-前程似錦,,客語,202898,,,1337,
中原崇正客家心,,客語,202899,,,1337,
頭放雞,,客語,202900,,,1337,
故鄉之歌,,客語,202901,,,1337,
唐詩組曲,,客語,202902,,,1338,
桐花戀,過我,客語,202903,,,1338,
寄相思,,客語,202904,,,1338,
陪你作伴過一生,,客語,202905,,,1338,
相思夢,,客語,202906,,,1338,
把握當下時 梭 ◆ 莊紅如,,客語,202907,,,1338,
愛也憂憂,,客語,202908,,,1338,
花香,,客語,202909,,,1338,
五月雪,,客語,202911,,,1338,
洗衫坑之戀 梭 林永祥 ◆,,客語,202912,,,1339,
買醉的理由 類型 倫巴 吳艾媄.莊長明 羅聰 ◆ ◆,,華語,202913,,,1339,
緣份來作伴,,華語,202914,,,1339,
癡情憨人阮一個,,華語,202915,,,1339,
戀曲１９７５ 華爾滋 ◆ 林永祥,,客語,202916,,,1339,
手牽手,,客語,202917,,,1339,
山歌戀情 特魯多 ◆ 彭鈺雯,,客語,202918,,,1339,
雲間煙火係我家 華爾滋 ○ 代表【midi無人聲】 ★ 代表【原聲 或 原聲原影】 適用機型：S-2001(BD.IMSBP系列.N系列.N2系列.W系列),● 代表【midi+人聲伴唱】 利用人如欲使用本產品於「公開場所」使用，請逕洽集管團體或著 ◆ 代表【midi+原聲伴唱】 作財產權人取得「公播授權」後，始得合法使用 1 上述符號為【歌曲類型】依機型及功能而有所不同 發行日期 2025/02,客語,202919,,,1339,
衝衝衝,嚥下所有 梭 抒情搖滾 ◆ 江曉雲.陳茂豐,台語,202920,,,1336,
老兄弟要互相,,客語,202921,,,1337,
今生的最愛,類型 恰恰 ◆ 張漢朝 ◆ 羅聰,華語,202922,,,1337,
鹿港龍山寺,,台語,202923,,,1338,
等待是幸福的開始,,華語,202924,,,1338,
愛落去,,台語,202925,,,1338,
羊咩咩,,台語,202926,,,1337,
凌晨等太陽,,台語,202927,,,1338,
不破不立,,台語,202928,,,1338,
青蓮吟,,台語,202929,,,1339,
跩個屁,,台語,202930,,,1338,
愛恨之間,,台語,202931,,,1338,
豆腐,,台語,202932,,,1339,
睡吧,,台語,202933,,,1339,
寒冷的並非雪,,台語,202934,,,1338,
如果你遇到小時,,台語,202935,,,1339,
醉話,,台語,202936,,,1339,
幸福千萬年 House 廖鳳英,,華語,202937,,,1337,
你我來相挺,,華語,202938,,,1337,
幸福雙雙飛 特魯多 歌曲 張愛蔆 ◆,,華語,202939,,,1337,
永遠愛你,,台語,202940,,,1338,
共渡春宵暝,,華語,202941,,,1337,
落雨的冬天 華爾滋 歌曲 ◆ 鄭志宏.蔣新蘭,,台語,202942,,,1338,
天公伯的情意,,華語,202943,,,1338,
雙頭結,,台語,202944,,,1338,
歡喜四界行 吉力巴 謝弘易 沈丹丹 ◆ ◆,,華語,202945,,,1338,
天官賜財,,台語,202946,,,1338,
今生今世尚愛你,,華語,202947,,,1339,
緣訂這份情,,台語,202948,,,1339,
用今生伴來世,,華語,202949,,,1339,
情深無悔,,台語,202950,,,1339,
曇花之戀,,台語,202951,,,1338,
反背咱ㄟ愛,,台語,202952,,,1339,
一盞的明燈,,台語,202953,,,1339,
陪阮醉歸暝 梭 歌曲 ◆ 吳艾媄,,台語,202954,,,1339,
咱來做陣搖 House ◆ 蔡姍燕 ◆ 徐夢玲 秋分落葉時,,華語,202955,,,1340,
成功才會贏 梭 歌曲 ◆ 蔡姍燕,,台語,202957,,,1340,
台中的港岸,,台語,202958,,,1341,
尚水的舞伴,,台語,202959,,,1341,
街頭藝人,,台語,202960,,,1339,
手機 LINE LINE LINE 梭 ◆ 蔡姍燕,,台語,202961,,,1339,
海枯石爛的謊言,,台語,202962,,,1340,
鴛鴦夢斷三年緣 Bossa Nova ◆ 莊旭儀,,華語,202963,,,1340,
夢中的西施,,台語,202964,,,1340,
願等來世再來手,,台語,202965,,,1340,
新住民新娘(大陸妹),,華語,202966,,,1340,
月娘替阮牽紅線,,華語,202967,,,1340,
癡情是阮的名字,,華語,202968,,,1340,
女人的自尊,,台語,202969,,,1340,
查某子,,台語,202970,,,1340,
人生on line,,台語,202971,,,1340,
搏杯問感情,,華語,202972,,,1340,
美夢成真,,台語,202973,,,1340,
最想念的愛,,台語,202974,,,1340,
陪你同齊老,,華語,202975,,,1343,
枕頭香,,台語,202976,,,1343,
女人花,,台語,202977,,,1343,
遙遠的牽掛,,華語,202978,,,1343,
憨情人 華爾滋 尚東 程響,,華語,202979,,,1343,
虎尾是幸福的城市 Funk ○ 代表【midi無人聲】 ★ 代表【原聲 或 原聲原影】 適用機型：S-2001(BD.IMSBP系列.N系列.N2系列.W系列),● 代表【midi+人聲伴唱】 利用人如欲使用本產品於「公開場所」使用，請逕洽集管團體或著 ◆ 代表【midi+原聲伴唱】 作財產權人取得「公播授權」後，始得合法使用 1 上述符號為【歌曲類型】依機型及功能而有所不同 發行日期 2025/04,台語,202980,,,1341,
阿母我愛你 華爾滋 李明洋 ◆,,台語,202981,,,1341,
虛情假愛,,台語,202982,,,1341,
唱起歌兒來,,華語,202983,,,1340,
阮是苦命的流星,,台語,202984,,,1341,
成功回故鄉,,台語,202985,,,1341,
愛你真心不移 梭 ◆ 李偉新,,台語,202986,,,1341,
癡情了憨工 探戈 周小玲.龍德,,台語,202987,,,1344,
阿母的白頭鬃,,台語,202988,,,1344,
愛萬萬年,,台語,202989,,,1344,
留戀琉戀,,台語,202990,,,1344,
今夜不想你,,華語,202991,,,1345,
暢到袂記得老 搖滾 ◆ 龍哥,,台語,202992,,,1341,
有擔當的好男兒 華爾滋 邱四湖.張愛蔆 ◆,,華語,202993,,,1340,
女人心,,台語,202994,,,1345,
同床作同夢,,華語,202995,,,1345,
目屎摻酒飲乎乾,,華語,202996,,,1345,
手機仔的情歌,,華語,202997,,,1345,
土芭樂欉,,國語,202998,,,1346,
嫁乎你啦 梭 蕭清文,,國語,202999,,,1346,
贏乎水 恰恰 李明洋 游宜橙,,國語,203000,,,1346,
因為我牽著你的手,,客語,203002,,,1346,
莊腳囝仔的志氣 特魯多 利用人如欲使用本產品於「公開場所」使用，請逕洽集管團體或,,台語,203003,,,1347,
仙想嘛想無,,台語,203004,,,1341,
打拼會出頭天 搖滾 游家梧 ◆,,台語,203005,,,1341,
會記你在心中 中板靈魂樂 ◆ 米克斯樂團,,台語,203006,,,1341,
幸福的路,,台語,203007,,,1341,
叨一粒是我的星 Bossa Nova 歐基石 ◆,,台語,203009,,,1342,
幸運星,,台語,203010,,,1342,
運將ㄟ 迪斯可 楊欣樺,,台語,203011,,,1343,
保全的心聲,,華語,203012,,,1343,
閭山法主,,台語,203013,,,1342,
魚甲水,,台語,203014,,,1347,
問天公伯,,台語,203015,,,1348,
何時會凍再相逢 倫巴 佩諭,,台語,203016,,,1347,
望春風 Funk 王怡文,,台語,203017,,,1349,
望情花,,台語,203019,,,1341,
登峰造極,,台語,203020,,,1342,
性情中的人,,台語,203021,,,1342,
你是我的唯一 梭 ◆ 龍哥,,台語,203022,,,1342,
澎湖冬天冷吱吱,,台語,203023,,,1342,
永遠來作夥,,台語,203024,,,1342,
關於夢想,,台語,203025,,,1343,
熱情的歌手 特魯多 張漢朝,,華語,203026,,,1343,
什麼是幸福快樂,,華語,203027,,,1343,
員林好所在 別把愛情想得太完美 Funk 中板靈魂樂 方瑞娥.李明洋,,華語,203028,,,1343,
東山再起,,華語,203029,,,1343,
如山不動,,華語,203030,,,1343,
刻恨,,台語,203031,,,1343,
千年樟樹公 倫巴 龍哥.湯秋鳳,,台語,203032,,,1344,
大家來拜樟樹公 華爾滋 林鎮忠,,台語,203033,,,1344,
姊妹情誼,,華語,203034,,,1343,
癡迷無罪,,華語,203035,,,1343,
牡丹我愛妳 倫巴 蔣新蘭,,台語,203036,,,1344,
龍哥的店 中板靈魂樂 龍哥.柳芝,,台語,203037,,,1344,
流星下的約定,,台語,203038,,,1343,
愛情的遊戲,,台語,203039,,,1344,
無人可比 華爾滋 一綾,,台語,203040,,,1344,
救贖,,台語,203041,,,1344,
你是風阮是雲 中板靈魂樂 王中平,,台語,203042,,,1344,
一切隨風去,,華語,203043,,,1345,
你是我心中的痛,,華語,203044,,,1345,
甘講你攏袂想我,,華語,203045,,,1345,
愛路情義,,華語,203046,,,1343,
回頭夢,,台語,203047,,,1344,
濁水溪戀情 特魯多 方瑞娥,,台語,203048,,,1344,
幸福青春港 特魯多 洪耀池,,台語,203049,,,1344,
白豬仔,,台語,203050,,,1345,
桂花香,,台語,203051,,,1345,
阮的媽媽,,台語,203052,,,1344,
夢中來相見 華爾滋 詹秀玉,,台語,203053,,,1344,
依依難捨情難忘,,台語,203054,,,1344,
想你想你擱想你,,台語,203055,,,1344,
因為有你,,台語,203056,,,1344,
愛嘸惜代價,,華語,203057,,,1345,
舞伴情歌 Twist 劉鳳枝,,台語,203058,,,1347,
送你到這,,台語,203059,,,1348,
平安燈 中板靈魂樂 詹曼鈴,,台語,203060,,,1349,
寂寞的吉他聲,,台語,203062,,,1350,
宜蘭雨,,台語,203063,,,1350,
您講的話,,華語,203064,,,1351,
共渡一生 探戈 大合唱,,台語,203066,,,1345,
偶然2025,,台語,203067,,,1345,
岳飛的滿江紅,,台語,203068,,,1345,
愛同心,,華語,203072,,,1349,
淡水戀情,,華語,203073,,,1351,
謝謝您老帥,,台語,203081,,,1345,
人生七十,,台語,203082,,,1345,
清水祖師 梭 趙小國 T.R.Y,,華語,203083,,,1345,
觀音亭的黃昏 吉力巴 王中平,,客語,203084,,,1346,
為你醉歸暝 探戈 林振富,,客語,203085,,,1346,
淒痴癡 華爾滋 邱芸子,,台語,203093,,,1346,
High High High,,台語,203094,,,1346,
朋友若兄弟,,客語,203095,,,1346,
痕印,,台語,203096,,,1346,
疼入心 中板靈魂樂 七賢,,台語,203097,,,1346,
心送予我 特魯多 蘇宥蓉,,國語,203098,,,1346,
奶一下,,台語,203099,,,1346,
好久好久,,國語,203100,,,1346,
醉路毋通行 梭 陳菀翎,,客語,203101,,,1346,
我毋是歌手 倫巴 丁笠.丁偉 林展逸.楊咩咩,,客語,203102,,,1346,
我的人生我佮意 恰恰 王中平,,台語,203103,,,1347,
愛妳一生一世 探戈 蘇錦煌,,台語,203104,,,1347,
無奈的結局,,台語,203105,,,1347,
情路含慢師 恰恰 佩諭.施文,,台語,203106,,,1347,
我會珍惜你,,台語,203107,,,1347,
看見未來 梭 張漢朝,,台語,203108,,,1347,
夢已醒 特魯多 子鈺,,台語,203109,,,1347,
一杯,,台語,203110,,,1347,
五月十三彼下埔 特魯多 高敏裕,,台語,203111,,,1347,
愛難離,,台語,203112,,,1348,
愛你勝過自己 特魯多 利用人如欲使用本產品於「公開場所」使用，請逕洽集管團體或,,台語,203113,,,1348,
點菸盤,,台語,203114,,,1348,
重新再起,,台語,203115,,,1347,
我想無,,台語,203116,,,1347,
苗栗中小企業頌,,客語,203122,,,1346,
五甲媽,,台語,203123,,,1346,
歌聲冠天下 梭 蕭清文,,客語,203124,,,1346,
千山萬里情,,台語,203125,,,1347,
今夜,,台語,203126,,,1347,
幸福流沙,,台語,203127,,,1347,
欠你一聲對不起,,台語,203128,,,1347,
舊情永難忘,,台語,203141,,,1348,
春風伴花蕊 特魯多 方瑞娥,,台語,203142,,,1348,
傷心夜快車 慢迪斯可 黑鷹.芷琦,,台語,203143,,,1348,
真心放伊飛 中板靈魂樂 張秀玉,,華語,203148,,,1349,
消失的光,,台語,203149,,,1349,
一蕊雲,,台語,203150,,,1347,
老情歌,,台語,203151,,,1348,
孤單是阮的名 倫巴 柏蒼,,台語,203152,,,1348,
愛情有雨,,台語,203153,,,1348,
咱是好知己,,台語,203154,,,1348,
今生的選擇 探戈 李明洋,,台語,203155,,,1348,
梳妝,,台語,203156,,,1349,
孤單恰恰,,華語,203169,,,1349,
咱的未來,,華語,203170,,,1349,
牽手過,,華語,203171,,,1349,
大肚山軍中媽 中板靈魂樂 林展逸.張喜芳. 孔細勇.陳泇均 宋竹梅.朱鵬鈞,,客語,203172,,,1349,
東嶽大帝 黃飛虎,,客語,203173,,,1349,
愛甲著火 最遠的你最近的愛,,華語,203174,,,1349,
愛你無後悔,,華語,203175,,,1349,
歡喜做好代 梭 張峯子,,台語,203176,,,1350,
冤家變夫妻 恰恰 梁福成,,台語,203177,,,1350,
永遠的兄弟,,台語,203178,,,1350,
甜蜜的枕頭 恰恰 陳美霜,,台語,203180,,,1348,
你我的恰恰 恰恰 賴進財.陳貴花,,台語,203181,,,1348,
舒適啦,,台語,203182,,,1348,
可愛的人,,華語,203183,,,1349,
月光圓,,台語,203185,,,1348,
乎你全世界 因為愛你所以嫁給你,,華語,203186,,,1349,
現代新潮山歌仔 林鈺涵.賴禹樺 利用人如欲使用本產品於「公開場所」使用，請逕洽集管團體或,,客語,203187,,,1349,
現代平板山歌,,客語,203188,,,1349,
現代平板山歌 中板靈魂樂 張喜芳.林展逸. 朱鵬鈞,,客語,203189,,,1349,
現代平板山歌 中板靈魂樂 林展逸.張喜芳. 宋竹梅.朱鵬鈞.,,客語,203190,,,1349,
人生這條路,,華語,203195,,,1351,
疼惜入心肝,,華語,203196,,,1351,
有緣做兄弟,,華語,203197,,,1351,
編織情夢 恰恰 陳茂豐.一明.井 祥,,台語,203198,,,1350,
孤燕夢,,台語,203199,,,1350,
等愛的女人,,台語,203200,,,1350,
男人最後傷心的淚 中板靈魂樂 利用人如欲使用本產品於「公開場所」使用，請逕洽集管團體或,,台語,203201,,,1350,
思念舊情,,台語,203202,,,1350,
愛到老,,台語,203203,,,1350,
無聲的思念,,台語,203204,,,1352,
探戈 陳強,,華語,203205,,,1351,
夢成空,,台語,203206,,,1350,
幸福作陣行 梭 張峯子,,台語,203207,,,1350,
沙,,台語,203208,,,1351,
再會貓尾崎 Twist 陳強.洪建華 周小玲,,華語,203209,,,1351,
歡喜來乾杯 中板靈魂樂 利用人如欲使用本產品於「公開場所」使用，請逕洽集管團體或,,華語,203210,,,1351,
女人夢 中板靈魂樂 小曼.嘉豪,,台語,203211,,,1351,
姻緣杯,,華語,203213,,,1351,
愛的約定,,華語,203215,,,1351,
陸光愛心的運將,,台語,203216,,,1350,
東京戀歌,,台語,203217,,,1350,
思戀的港岸 華爾滋 林靖恩,,台語,203218,,,1350,
故鄉的戀歌 吉力巴 蘇祥德.錢錢,,台語,203219,,,1350,
桃園鎮撫宮 梭 周小玲,,台語,203220,,,1350,
碧潭相思曲,,台語,203221,,,1350,
戀戀銀河洞,,台語,203222,,,1350,
痴情無了時,,華語,203223,,,1351,
救い,,華語,203224,,,1351,
觀音山之戀 想念也能是一種快 倫巴 黃忠義 自由派對,,台語,203225,,,1352,
情海無邊,,台語,203226,,,1352,
是你不知女人心 別再用謊言溫暖我 中板靈魂樂 樂妍 王強 的手,,台語,203227,,,1352,
閣做你的愛人仔,,台語,203228,,,1352,
心情玫瑰,,台語,203229,,,1352,
懶懶馬一步踏 樂 中板靈魂樂 中板靈魂樂 樂妍,,台語,203230,,,1352,
溫暖的故鄉,,台語,203231,,,1352,
頭過身就過 你的多情傷害了我 中板靈魂樂 中板靈魂樂 龍哥.丫貴,,台語,203232,,,1352,
目睭剝無金,,華語,203233,,,1351,
我命由我不由天,,台語,203234,,,1351,
豆陣行,,台語,203236,,,1353,
打拼的愛情 特魯多 洪彬朝 妞妞,,華語,203237,,,1353,
我的愛為你留,,台語,203238,,,1353,
花當香,,台語,203240,,,1354,
真英雄,,台語,203241,,,1353,
中秋月圓,,華語,203242,,,1354,
愛在空中飛,,華語,203243,,,1353,
大哥大和我,,台語,203244,,,1354,
無公平 特魯多 沈義珍.魏秀文,,台語,203245,,,1354,
咒咀無卡咀 特魯多 高德雄,,華語,203246,,,1354,
飲甲醉茫茫,,華語,203247,,,1353,
滄海演歌 特魯多 葉冠成.廖鳳英,,台語,203248,,,1353,
新年好運來（舞曲版）,,台語,203249,,,1353,
用心來換,,台語,203250,,,1353,
愛情的戀歌,,華語,203251,,,1354,
一生難忘,,台語,203252,,,1352,
台中港之戀,,台語,203253,,,1352,
我要飛,,台語,203254,,,1352,
袂凍漏氣,,台語,203255,,,1352,
相逢的恰恰,,華語,203256,,,1353,
舞台頂的人生 Swing 蘇芊蓉,,客語,203257,,,1355,
你講要給我一個巢 恰恰 蘇芊蓉,,客語,203258,,,1355,
暗會,,台語,203259,,,1355,
朋友.同學.唱吧.跳吧 梭 利用人如欲使用本產品於「公開場所」使用，請逕洽集管團體或,,客語,203260,,,1356,
聖母,,台語,203262,,,1353,
疼入心愛入心,,華語,203263,,,1353,
吉力巴 小潘潘.大陳,,台語,203264,,,1353,
嫁土豪 House 張雪芳.朱建明,,台語,203265,,,1354,
一枝草一點露 探戈 利用人如欲使用本產品於「公開場所」使用，請逕洽集管團體或,,華語,203266,,,1354,
難忘的最愛,,華語,203267,,,1354,
傷情咖啡,,華語,203268,,,1354,
一世的愛,,華語,203269,,,1354,
鬥陣乾杯 恰恰 龍德,,台語,203270,,,1355,
孤相思,,台語,203271,,,1355,
雙喜淚,,台語,203272,,,1356,
籠中鳥,,客語,203273,,,1356,
雨中情綿綿,,客語,203274,,,1356,
夕焼けの道（日落大道）,,華語,203275,,,1354,
悔不當初,,華語,203277,,,1354,
旗聖媽出巡 搖滾 吳蕙君,,華語,203278,,,1354,
慈愛媽祖 旗津旗聖媽 中板靈魂樂 利用人如欲使用本產品於「公開場所」使用，請逕洽集管團體或,,客語,203279,,,1355,
歡喜媽祖來相會 House 王定明 甜心大美,,客語,203280,,,1355,
浪漫情緣,,台語,203282,,,1353,
金曲獎,,台語,203283,,,1353,
混沌的世界,,華語,203284,,,1353,
勇敢的人,,華語,203285,,,1354,
穩噠噠ㄟ愛,,華語,203286,,,1354,
雨水聲聲,,華語,203287,,,1354,
愛要經營才會在,,台語,203288,,,1355,
媽祖媽媽,,客語,203289,,,1355,
幸福的感覺,,客語,203290,,,1355,
已讀不回,,台語,203291,,,1355,
月滿誓言,,台語,203295,,,1355,
千手帝君 神降 中板靈魂樂 黃安妤,,客語,203296,,,1355,
善緣,,台語,203297,,,1355,
心如當初,,台語,203298,,,1355,
讓世界看見台灣,,台語,203299,,,1355,
濟公,,台語,203300,,,1356,
大道公保生大帝,,客語,203301,,,1356,
感謝有您,,客語,203302,,,1356,
常山趙子龍,,台語,203303,,,1356,
風塵淑女 中板靈魂樂 陳鶴明,,台語,203307,,,1355,
提煉愛情,,客語,203308,,,1355,
迎著風,,台語,203309,,,1355,
分手的項鍊,,客語,203310,,,1355,
愛沒退時,,客語,203311,,,1356,
美濃細妹,,客語,203313,,,1355,
思念个人,,客語,203314,,,1355,
再續情緣,,客語,203315,,,1355,
疼惜厝內的人,,客語,203316,,,1355,
半世人,,台語,203324,,,1356,
舊情批 議會新時代-蕭詠萱,,台語,203325,,,1356,
一展愁眉,,客語,203326,,,1356,
走找的心肝,,客語,203327,,,1356,
同心的名 頭份新希望-徐功凡,,客語,203328,,,1356,
愛情燒,,台語,203329,,,1356,
癡心的一生,,客語,203330,,,1356,
流浪兒,,台語,203331,,,1356,
一世人來還,,客語,203332,,,1356,
女中英雄,,客語,203333,,,1356,
漫步人生路,,台語,203334,,,1356,
成功咱的名,,客語,203335,,,1356,
勸自己,,客語,203342,,,1356,
故鄉,,客語,203345,,,1356,
半山謠,,客語,203346,,,1356,
人間長河,,客語,203347,,,1356,
堅心不移,,客語,203362,,,1356,
男人的志氣 梭 李文利,,客語,203363,,,1356,
億馬當先 梭 何曉婷,,客語,203364,,,1356,
酸甘甜的人生 中板靈魂樂 朱璨詮,,客語,203365,,,1356,
離別酒,,台語,203366,,,1356,
一步步靠近你,,台語,203367,,,1356,
愛的樓窗,,客語,203368,,,1356,
永遠會記得,,台語,203369,,,1356,
童話,光良,國語,23456,34567,,,
孤城,,華語,602171,,,3002,
解藥,,華語,602172,,,3003,
落日與晚風,,華語,602173,,,3003,
自娛自樂,,華語,602174,,,3003,
來遲,,華語,602175,,,3001,
淪陷,,華語,602176,,,5311,
白鴿,,華語,602177,,,3001,
五十年以後,,華語,602178,,,5311,
Butterfly,,華語,602179,,,3006,
好想抱住你,,華語,602180,,,3002,
曲終人亦散,,華語,602181,,,3001,
白月光與朱砂痣,,華語,602182,,,5311,
清空,,華語,602183,,,5311,
我想要,,華語,602184,,,3003,
別錯過,,華語,602185,,,3003,
去年花開,,華語,602186,,,3002,
煙雨人間,,華語,602187,,,3001,
醒不來的夢 梭 高迪 ★,,華語,602188,,,3003,
雲與海,,華語,602189,,,3002,
氣象站台,,華語,602190,,,3003,
察覺,,華語,602191,,,3003,
不過人間,,華語,602192,,,5311,
TA,,華語,602193,,,3003,
笑納,,華語,602194,,,3002,
你的萬水千山,,華語,602195,,,3001,
點歌的人,,華語,602196,,,3001,
執迷不悟,,華語,602197,,,3002,
笑柄,,華語,602198,,,3002,
橋邊姑娘,,華語,602199,,,3001,
迷失幻境,,華語,602200,,,3001,
不知所措,,華語,602201,,,3001,
謫仙,,華語,602202,,,3003,
善變,,華語,602203,,,5311,
錯季,,華語,602204,,,3002,
此生過半(DJ阿卓版),,華語,602205,,,3002,
給不了你未來,,華語,602206,,,3002,
忘了沒有,,華語,602207,,,3001,
一個人挺好,,華語,602208,,,5311,
忘川彼岸,,華語,602209,,,5311,
漸冷,,華語,602210,,,5311,
放空,,華語,602211,,,3003,
關山酒,,華語,602212,,,3002,
春庭雪,,華語,602213,,,3002,
下山,,華語,602214,,,3002,
遺憾也值得,,華語,602215,,,3002,
不如,,華語,602216,,,3001,
特別邀請,,華語,602217,,,3002,
等霧散去,,華語,602218,,,3003,
遺憾,,華語,602219,,,3003,
雲水謠,,華語,602220,,,3001,
一開始說陪你到老 韓小欠 的人現在他還在嗎,,華語,602221,,,3002,
再也沒有那種感覺,,華語,602222,,,3002,
暗示分離,,華語,602223,,,5311,
慕夏,,華語,602224,,,3003,
再也不是你,,華語,602225,,,3002,
慢慢,,華語,602226,,,3003,
孤單的人,,華語,602227,,,3002,
一城山水,,華語,602228,,,3003,
三行情書,,華語,602229,,,3003,
會嗎,,華語,602230,,,3002,
為敵,,華語,602231,,,3003,
忘情果,,華語,602232,,,3003,
空歡喜,,華語,602233,,,3002,
不配懷念,,華語,602234,,,3002,
忙著,,華語,602235,,,3003,
言不由衷,,華語,602236,,,3002,
奉勸,,華語,602237,,,5311,
棄佛入魔,,華語,602238,,,3002,
圈住你,,華語,602239,,,3003,
十年逾期,,華語,602240,,,3003,
愛河,,華語,602241,,,3003,
奈何歲月,,華語,602242,,,3002,
拜拜,,華語,602244,,,3003,
愛情堡壘,,華語,602245,,,3003,
失去才懂,,華語,602246,,,5311,
非常後悔愛過你,,華語,602247,,,3003,
人的這一生,,華語,602248,,,3002,
不愛我就別傷害 葉筱萱.亞喃 我,,華語,602249,,,3003,
遙遠的你,,華語,602250,,,3003,
甜到爆表,,華語,602251,,,3003,
一個人也罷,,華語,602252,,,3003,
一念成魔,,華語,602253,,,3003,
最近刪除,,華語,602254,,,3003,
奈何橋,,華語,602255,,,3002,
盜將行,,華語,602256,,,3003,
我們只是愛過,,華語,602257,,,3002,
一人我飲酒醉 House ★ 豆包,,華語,602258,,,3003,
感覺不會再愛了,,華語,602259,,,3001,
審判,,華語,602260,,,3003,
輾轉反側,,華語,602261,,,3003,
讓我再點一根煙 抒情搖滾 ★,,華語,602262,,,3003,
說破,,華語,602263,,,3002,
別再對我好,,華語,602264,,,3003,
那男孩還好嗎,,華語,602265,,,3005,
不及,,華語,602266,,,3006,
浮生記,,華語,602267,,,3003,
半句濃墨,,華語,602268,,,3004,
字正腔圓,,華語,602269,,,3004,
火海,,華語,602270,,,3004,
煙雨成思,,華語,602271,,,3003,
星星月亮島,,華語,602272,,,3003,
一夢好多年,,華語,602273,,,3003,
一字一句,,華語,602274,,,3002,
南山雪,,華語,602275,,,3004,
收穫,,華語,602276,,,3001,
世態炎涼,,華語,602277,,,3004,
其實我想說的還 前男友 有很多,,華語,602278,,,3002,
釵頭鳳,,華語,602279,,,3004,
誰念西風獨自涼,,華語,602280,,,3004,
失去知覺,,華語,602281,,,3002,
多肉少女,,華語,602282,,,3004,
白日夢,,華語,602283,,,3002,
男人如虎,,華語,602284,,,3004,
看淡,,華語,602285,,,3002,
聽花,,華語,602286,,,3002,
走了何必又回頭,,華語,602287,,,3004,
耽擱,,華語,602288,,,3004,
姑娘啊姑娘,,華語,602289,,,3004,
我們曾經愛過,,華語,602290,,,3005,
透明呼吸,,華語,602291,,,3004,
一次離別,,華語,602292,,,3003,
過期,,華語,602293,,,3005,
不安,,華語,602294,,,3004,
去趟月光,,華語,602295,,,3003,
愛的署名,,華語,602296,,,3003,
我的愛已經被偷走 搖滾 （DJ版） ★ 王愛華,,華語,602297,,,3004,
雲層記憶,,華語,602298,,,3004,
廉價的眼淚珍貴 於洋 的感情,,華語,602299,,,3004,
麋鹿森林,,華語,602300,,,3004,
輪到我,,華語,602301,,,3002,
琵琶語,,華語,602302,,,3002,
自始無終,,華語,602303,,,3002,
我們會記得,,華語,602304,,,3004,
揮霍,,華語,602305,,,3002,
男人的好,,華語,602306,,,3002,
怎能忘記你,,華語,602307,,,3005,
可能,,華語,602308,,,3005,
若命,,華語,602309,,,3005,
夢煙雨,,華語,602310,,,3004,
狡辯,,華語,602311,,,3004,
為了夢想的人 抒情搖滾 ★ 桃子,,華語,602312,,,3002,
雪,,華語,602313,,,3002,
中你一槍,,華語,602314,,,3002,
夏天的雨,,華語,602315,,,3004,
回憶見,,華語,602316,,,3004,
為你唱首小情歌,,華語,602317,,,3002,
浪漫歌單,,華語,602318,,,3002,
如果可以回到從前,,華語,602319,,,3004,
喂豬,,華語,602320,,,3004,
餘生請多指教 搖滾 ★ 程佳佳,,華語,602321,,,3001,
槍口,,華語,602322,,,3002,
瞞天過海,,華語,602323,,,3001,
愛幾回傷幾回,,華語,602324,,,3004,
一情雨夢,,華語,602325,,,3004,
不愛我就直說,,華語,602326,,,3002,
捆綁,,華語,602327,,,3003,
一別兩寬,,華語,602328,,,3003,
盼相隨,,華語,602329,,,3004,
低估,,華語,602330,,,3003,
愛你的心,,華語,602331,,,3005,
有風,,華語,602332,,,3002,
愛而不敢,,華語,602333,,,3002,
你照樣快樂,,華語,602334,,,3004,
風塵客,,華語,602335,,,3002,
海棠淚,,華語,602336,,,3002,
遠在心底的你,,華語,602337,,,3004,
女流,,華語,602338,,,3004,
羽度,,華語,602339,,,3002,
等著你先開口,,華語,602340,,,3002,
灰色天空,,華語,602341,,,3003,
不想,,華語,602342,,,3002,
愛上一個無情的 郭力 人,,華語,602343,,,3003,
不識好歹,,華語,602344,,,3004,
六月,,華語,602345,,,3004,
我的心丟在網路裡,,華語,602346,,,3004,
還是說了再見,,華語,602347,,,3004,
貓系女友,,華語,602348,,,3004,
透明荒漠,,華語,602349,,,3004,
花與馬（抒情版）,,華語,602350,,,3004,
下一秒,,華語,602351,,,3005,
宅著就很好,,華語,602352,,,3005,
分不開,,華語,602353,,,3005,
不愛又何必糾纏 Hip-Hop ★ 易自豪,,華語,602354,,,3005,
夢中人,,華語,602355,,,3005,
委屈求全,,華語,602356,,,3004,
男人壞女人愛,,華語,602357,,,3005,
我記得,,華語,602358,,,3005,
夜雨,,華語,602359,,,3005,
故事裡的人,,華語,602360,,,3005,
小哥哥,,華語,602361,,,3001,
浩瀚星海,,華語,602362,,,3001,
思緒謠,,華語,602363,,,3002,
七年之癢,,華語,602364,,,3005,
深夜,,華語,602365,,,3005,
綠了芭蕉,,華語,602366,,,3005,
自救,,華語,602367,,,3005,
江郎,,華語,602368,,,3004,
素未謀面,,華語,602369,,,3004,
溫柔的海嘯,,華語,602370,,,3005,
領地,,華語,602371,,,3001,
覺察,,華語,602372,,,3002,
南徙,,華語,602373,,,3005,
告白指南,,華語,602374,,,3005,
愚笨,,華語,602375,,,3002,
鏡花水月,,華語,602376,,,3001,
不甘,,華語,602377,,,3002,
有生之戀,,華語,602378,,,3001,
原諒你77次,,華語,602379,,,3002,
出局,,華語,602380,,,3002,
你知道嗎,,華語,602381,,,3004,
早晚,,華語,602382,,,3004,
踏星河,,華語,602383,,,3005,
我心底的風,,華語,602384,,,3005,
青燈映,,華語,602385,,,3003,
我懂了,,華語,602386,,,3005,
孤身一人,,華語,602387,,,3004,
我好想見你,,華語,602388,,,3003,
白玫瑰與紅玫瑰,,華語,602389,,,3005,
差一個字的朋友,,華語,602390,,,3005,
影子說,,華語,602391,,,3003,
來跳舞,,華語,602392,,,3005,
夜夜夜漫長,,華語,602393,,,3005,
送親,,華語,602394,,,3001,
萬愛千恩,,華語,602395,,,3001,
站著等你三千年 華爾滋 利用人如欲使用本產品於「公開場所」使用，請逕洽集管團體或,,華語,602396,,,5311,
人生如歌,,華語,602397,,,3001,
收斂,,華語,602398,,,3005,
我還是,,華語,602399,,,3005,
情人迷,,華語,602400,,,3002,
隔岸觀火,,華語,602401,,,3005,
逞強,,華語,602402,,,3001,
入戲太深,,華語,602403,,,3006,
代名詞,,華語,602404,,,3001,
一生輸給一個人,,華語,602405,,,3003,
你從未懂我,,華語,602406,,,3001,
再沒有流淚的人,,華語,602407,,,3005,
我想,,華語,602408,,,3003,
累了痛了不愛了,,華語,602409,,,3003,
其實我很累,,華語,602410,,,3002,
荊棘,,華語,602411,,,3005,
敘世,,華語,602412,,,3005,
最後的人,,華語,602413,,,3005,
一個人就好,,華語,602414,,,3005,
換掉,,華語,602415,,,3001,
煙花歎,,華語,602416,,,3002,
願為你跪六千年,,華語,602417,,,3003,
我想我不夠好 梭 ★ 楊小壯,,華語,602418,,,3001,
刪了吧,,華語,602419,,,3001,
不敢愛你,,華語,602420,,,3005,
你的影子,,華語,602421,,,3005,
錯過,,華語,602422,,,3003,
三點四分五十二秒,,華語,602423,,,3005,
心被你帶走,,華語,602424,,,3004,
不做你共同好友,,華語,602425,,,3005,
從戀人到朋友,,華語,602426,,,3003,
或許值得,,華語,602427,,,3005,
她,,華語,602428,,,3004,
單人券,,華語,602429,,,3002,
自言自語,,華語,602430,,,3005,
Love Again,,華語,602431,,,3005,
孤獨頌歌,,華語,602432,,,3001,
就忘了吧,,華語,602433,,,5311,
悲觀人設,,華語,602434,,,3001,
逾矩,,華語,602435,,,3001,
說說話,,華語,602436,,,5311,
月老掉線,,華語,602437,,,3005,
從前說,,華語,602438,,,5311,
媽媽的話,,華語,602439,,,3001,
02,,華語,602440,,,3005,
丁達爾效應,,華語,602441,,,3005,
人間的晚風,,華語,602442,,,3001,
愛情主演,,華語,602443,,,3003,
已經回不去了(DJAh版),,華語,602444,,,3005,
不要忘記我愛你,,華語,602445,,,3005,
不強求不挽留,,華語,602446,,,3001,
不認識你就好了,,華語,602447,,,3005,
中意你,,華語,602448,,,3001,
反正,,華語,602449,,,3003,
天地似無情（DJAh版）,,華語,602450,,,3004,
月光不答（DJAh版）,,華語,602451,,,3005,
他他他,,華語,602452,,,3005,
半生時光,,華語,602453,,,3005,
未出現傳聞,,華語,602454,,,3001,
生而平凡(DJ京仔版),,華語,602455,,,3004,
有個人一直在等你,,華語,602456,,,3001,
江海不渡你,,華語,602457,,,3001,
江湖之間,,華語,602458,,,3001,
你千萬別像風,,華語,602459,,,3005,
你過得好嗎,,華語,602460,,,3001,
別忘,,華語,602461,,,3006,
吞針,,華語,602462,,,3002,
沒人懂我的苦,,華語,602463,,,3006,
角落裡的光,,華語,602464,,,3001,
那年夏天的溫柔,,華語,602465,,,3001,
怪我沒出息,,華語,602466,,,3003,
拆台,,華語,602467,,,3001,
知覺,,華語,602468,,,3001,
長大成人,,華語,602469,,,3003,
雨趕走雲彩,,華語,602470,,,3006,
怎麼會,,華語,602471,,,3006,
思念的雪靜悄悄,,華語,602472,,,3001,
思念隔著山海,,華語,602473,,,3004,
是你不再愛,,華語,602474,,,3001,
是我不好,,華語,602475,,,3001,
泛泛之友,,華語,602476,,,3005,
追,,華語,602477,,,3006,
假如我有一天消 陳之 失了,,華語,602478,,,3006,
停留,,華語,602479,,,3001,
第幾人稱,,華語,602480,,,3001,
這一生為了什麼,,華語,602481,,,3003,
都怪,,華語,602482,,,3001,
單身保平安,,華語,602483,,,3006,
等雨停,,華語,602484,,,3001,
落日之前帶你去 張齊山 DanieL 海邊,,華語,602485,,,3005,
墮,,華語,602486,,,3006,
親愛的下雨了,,華語,602487,,,3001,
關於你的情歌 House 傷帥.安兒陳 ★,,華語,602488,,,3006,
櫻花樹下的約定 梭 ★ 寂悸,,華語,602489,,,3006,
回過頭,,華語,602490,,,3006,
微笑吧,,華語,602491,,,3006,
又見送情郎,,華語,602492,,,3004,
孤獨的人總怕黑,,華語,602493,,,3006,
江歸江山歸山(戲腔版),,華語,602494,,,3005,
可有來生,,華語,602495,,,3004,
我的姑娘,,華語,602496,,,3004,
我習慣了一個人,,華語,602497,,,3003,
舊,,華語,602498,,,3006,
念念不忘,,華語,602499,,,3006,
某天某月,,華語,602500,,,3003,
行星,,華語,602501,,,3006,
琉璃,,華語,602502,,,3006,
單程冒險,,華語,602503,,,3006,
情到最後成追憶,,華語,602504,,,3006,
換面,,華語,602505,,,3006,
不可抗力,,華語,602506,,,3001,
後遺症,,華語,602507,,,3001,
海之焰,,華語,602508,,,3002,
摩登愛情,,華語,602509,,,3005,
sweet baby,,華語,602510,,,3006,
失去聯絡,,華語,602511,,,3004,
失真,,華語,602512,,,3002,
為何要來傷害我,,華語,602513,,,3006,
十七後,,華語,602514,,,3006,
我想我想,,華語,602515,,,3006,
一個人,,華語,602516,,,3006,
愛你愛不夠,,華語,602517,,,3006,
不如不見,,華語,602518,,,3004,
小味道,,華語,602519,,,3004,
思念的海,,華語,602520,,,3006,
河,,華語,602521,,,3005,
此刻真的好想你,,華語,602522,,,3006,
無可救藥,,華語,602523,,,3005,
今生不能再重來,,華語,602524,,,3004,
割捨不斷,,華語,602525,,,3002,
我們戀愛吧,,華語,602526,,,3006,
分開後我還想你,,華語,602527,,,3006,
纏綿,,華語,602528,,,3002,
如果愛能夠重來,,華語,602529,,,3005,
最近情緒有點亂,,華語,602530,,,3006,
愛是人間最美麗 海來阿木 的花,,華語,602531,,,3003,
誰懂男人的眼淚,,華語,602533,,,3005,
我夢天堂,,華語,602535,,,3006,
我們一直在相遇 海來阿木 的路上,,華語,602536,,,3001,
認命,,華語,602537,,,3001,
夜太深（DJ默涵版）,,華語,602538,,,3003,
愛情求你放過我,,華語,602539,,,3006,
怎麼可以如此冷血 House ★,,華語,602540,,,3004,
外婆說,,華語,602541,,,3003,
幻星島,,華語,602542,,,3002,
到了這個年紀,,華語,602543,,,3004,
孤獨的王,,華語,602544,,,3006,
孤苦伶仃,,華語,602545,,,3006,
她很孤獨,,華語,602546,,,3005,
是我的錯,,華語,602547,,,3004,
紅塵情癡,,華語,602548,,,3006,
究竟是為什麼,,華語,602549,,,3002,
情深幾許,,華語,602550,,,3007,
虧欠,,華語,602551,,,3006,
卑微到最後有多痛 Hip-Hop ★ 韓小欠,,華語,602552,,,3006,
人朝裡擁抱(DJ版),,華語,602553,,,3006,
清水河往事,,華語,602554,,,3006,
等,,華語,602555,,,3006,
甜了個蜜,,華語,602556,,,3006,
放不開手放不開你,,華語,602557,,,3006,
來過你生命的我,,華語,602558,,,3007,
大可不必,,華語,602559,,,3006,
玫瑰,,華語,602560,,,3006,
痛了又痛,,華語,602561,,,3006,
紅塵嗔,,華語,602562,,,3005,
戒,,華語,602563,,,3006,
相遇花開,,華語,602564,,,3007,
沒有喝夠,,華語,602565,,,3003,
與時間對峙,,華語,602566,,,3006,
求魔,,華語,602567,,,3006,
全是笑話,,華語,602568,,,3006,
下墜,,華語,602569,,,3006,
粗口,,華語,602570,,,3002,
飄,,華語,602571,,,3006,
揚州曲,,華語,602572,,,3004,
後來的我,,華語,602573,,,3007,
我愛的人不在身旁,,華語,602574,,,3006,
成霜,,華語,602575,,,3004,
做你的貓,,華語,602576,,,3006,
入侵,,華語,602577,,,3006,
珍,,華語,602578,,,3006,
離開我就不要說 凱小晴 愛我,,華語,602579,,,3002,
不為人知,,華語,602580,,,3002,
敬你,,華語,602581,,,3007,
我和我的貓都很 阿妹啊.單色淩 想你,,華語,602582,,,3004,
愛而不得,,華語,602583,,,3004,
想念停止,,華語,602584,,,3004,
不要打電話給我 梭 ★ 寂悸,,華語,602585,,,3004,
愛她寵她失去她 Techno 寂悸 ★,,華語,602586,,,3003,
愛不甘恨不敢,,華語,602587,,,3006,
乞丐,,華語,602588,,,3006,
我曾經愛過你,,華語,602589,,,3006,
My Dear,,華語,602590,,,3004,
註定這一生愛的 劉曉龍.夏小暖 人是你 梭 ★,,華語,602591,,,3004,
"別,愛(續)",,華語,602592,,,3005,
短信,,華語,602593,,,3006,
醉三秋,,華語,602594,,,3006,
越忙,,華語,602595,,,3006,
不忍心開口說,,華語,602596,,,3006,
當時雨過,,華語,602597,,,3003,
遇見愛的你,,華語,602598,,,3006,
我願化作渺小的 夏婉安 塵埃,,華語,602599,,,3006,
異地戀,,華語,602600,,,3002,
一個你兩個你三 Fanfan 個你,,華語,602601,,,3004,
加倍愛你,,華語,602602,,,3002,
別說下輩子愛我,,華語,602603,,,3004,
無人認領,,華語,602604,,,3001,
可笑,,華語,602605,,,3004,
獵人芳心,,華語,602606,,,3006,
醫不自醫,,華語,602607,,,3006,
被遺忘的弦,,華語,602608,,,3006,
不眠不歸,,華語,602609,,,3006,
眼淚和孤獨,,華語,602610,,,3001,
把心偷走,,華語,602611,,,3001,
天氣預報,,華語,602612,,,3001,
大夢何時了,,華語,602613,,,3001,
京城雪,,華語,602614,,,3006,
相思難戒你難忘,,華語,602615,,,3001,
情字入骨,,華語,602616,,,3001,
問酒,,華語,602617,,,3006,
可能的話,,華語,602618,,,3006,
他不知道,,華語,602619,,,3002,
餘傷,,華語,602620,,,3006,
看著你越走越遠,,華語,602621,,,3003,
離開我你會不會 小雨點 難過,,華語,602622,,,3004,
阿爾山的姑娘 Hip-Hop ★ 陳泫孝(大泫),,華語,602623,,,3003,
你的名字十一筆,,華語,602624,,,3005,
後來我也遇見一 範芽芽 個很像你的他,,華語,602625,,,3006,
墜落（DJ阿卓版）,,華語,602626,,,3003,
蒲公英,,華語,602627,,,3006,
被愛好像有靠山,,華語,602628,,,3006,
小道童,,華語,602629,,,3007,
想不想能不能該 小倩 不該 梭 ★,,華語,602630,,,3007,
"從前,後來",,華語,602631,,,3007,
美捲入畫,,華語,602632,,,3004,
公子你莫怪,,華語,602633,,,3004,
稚夢,,華語,602634,,,3007,
小叮噹,,華語,602635,,,3004,
糖衣黃連,,華語,602636,,,3007,
蔚藍海岸,,華語,602637,,,3007,
比宇宙浪漫,,華語,602638,,,3001,
今夜我無法去入睡 搖滾 ★,,華語,602639,,,3007,
一念花開一念落,,華語,602640,,,3007,
化風行萬里,,華語,602641,,,3007,
無愛,,華語,602642,,,3005,
半個朋友,,華語,602643,,,3003,
可能(DJ阿卓版),,華語,602644,,,3003,
我丟了他,,華語,602645,,,3007,
我在你身後,,華語,602646,,,3007,
我還在這裡,,華語,602647,,,3007,
走卒(DJ余小磊版),,華語,602648,,,3007,
身份,,華語,602649,,,3003,
過,,華語,602650,,,3004,
其實雨也沒多大 House ★ 倪紅,,華語,602651,,,3007,
和你路過婚紗店,,華語,602652,,,3004,
孤獨與辜負,,華語,602653,,,3003,
怪我忘不掉,,華語,602654,,,3004,
總有人適合,,華語,602655,,,3007,
現在我,,華語,602656,,,3005,
終成陌生人,,華語,602657,,,3004,
還能怎樣,,華語,602658,,,3005,
要不你先說,,華語,602659,,,3004,
說過再見後會無期,,華語,602660,,,3005,
食言,,華語,602661,,,3004,
真的不快樂,,華語,602662,,,3005,
神的謊言,,華語,602663,,,3005,
請你原諒,,華語,602664,,,3003,
得不到又捨不得 姚倩 的人,,華語,602665,,,3005,
賜我,,華語,602666,,,3005,
癡情的人傷心的淚 慢迪斯可 ★,,華語,602667,,,3005,
重置,,華語,602668,,,3005,
零幾年聽的情歌 Hip-Hop ★ 米靈,,華語,602669,,,3005,
多想還小,,華語,602670,,,3005,
吾往矣,,華語,602671,,,3007,
習慣沒人疼,,華語,602672,,,3007,
月黑風高夜,,華語,602673,,,3007,
木頭的心,,華語,602674,,,3007,
成癮,,華語,602675,,,3007,
何必假裝(DJ阿鵬版),,華語,602676,,,3007,
你予我,,華語,602677,,,3007,
你終究還是風,,華語,602678,,,3007,
我不可以,,華語,602679,,,3007,
戒不掉你,,華語,602680,,,3007,
來不及告別,,華語,602681,,,3007,
單單,,華語,602682,,,3007,
枕邊聽的雨,,華語,602683,,,3007,
貪得無厭,,華語,602684,,,3007,
恨不了的愛,,華語,602685,,,3007,
致命情毒,,華語,602686,,,3007,
差點(吉他男聲版),,華語,602687,,,3007,
戀戀,,華語,602688,,,3007,
愛哭鬼,,華語,602689,,,3007,
退場,,華語,602690,,,3007,
晚風的顏色(說唱版),,華語,602691,,,3007,
陪你到老(DJ餘小磊版),,華語,602692,,,3007,
騙子,,華語,602693,,,3007,
想到你,,華語,602694,,,3007,
零碎記憶,,華語,602695,,,3007,
人生的道場,,華語,602696,,,3007,
下輩子還要和你 小高哥 成個家,,華語,602697,,,3007,
小小的自己,,華語,602698,,,3007,
不用抱歉,,華語,602699,,,3007,
兄弟再乾一杯 搖滾 ★ 胡艾彤,,華語,602700,,,3007,
可不可以不要離 陳思琪 開我 Hip-Hop ★,,華語,602701,,,3007,
再愛就不禮貌了,,華語,602702,,,3007,
各自成全,,華語,602703,,,3007,
吉時已到,,華語,602704,,,3007,
回憶交錯,,華語,602705,,,3007,
字字句句,,華語,602706,,,5311,
作罷,,華語,602707,,,3007,
擁抱,,華語,602708,,,3007,
想你了,,華語,602709,,,3012,
走散,,華語,602710,,,3007,
流浪的人,,華語,602711,,,3007,
致最愛的人,,華語,602712,,,3007,
假設錯過,,華語,602713,,,3007,
報應,,華語,602714,,,3007,
等著我回來,,華語,602715,,,3007,
聖誕快樂,,華語,602716,,,3007,
預期,,華語,602717,,,3007,
說給海聽,,華語,602718,,,3007,
失聯星空,,華語,602720,,,3007,
拾光,,華語,602721,,,3007,
世間人心太假,,華語,602722,,,3007,
思念成癮,,華語,602723,,,3007,
她的愛不完美,,華語,602724,,,3007,
太晚,,華語,602725,,,3007,
掏了心掏了肺,,華語,602726,,,3007,
托夢(民謠版),,華語,602729,,,3007,
脫身,,華語,602730,,,3007,
為什麼我愛的那 郭力 麼累,,華語,602731,,,3007,
我把後會有期當 李英 真了,,華語,602732,,,3007,
我不好,,華語,602733,,,3008,
我看上的姑娘,,華語,602734,,,3008,
我是你的島,,華語,602735,,,3008,
我欲尋她,,華語,602736,,,3008,
無賴,,華語,602737,,,3008,
無情的雨多情下,,華語,602738,,,3008,
無人懂我心中傷,,華語,602739,,,3008,
無人恰似我,,華語,602740,,,3008,
想你的時候我又 曾春年 淚奔,,華語,602741,,,3008,
向左偏右,,華語,602742,,,3008,
像風來了又走,,華語,602743,,,3008,
心意,,華語,602744,,,3008,
幸福的傻瓜,,華語,602745,,,3008,
幸福加冕,,華語,602746,,,3008,
選擇題,,華語,602747,,,3008,
眼淚愛上了心碎,,華語,602748,,,3008,
夜之悲,,華語,602749,,,3008,
一場雨,,華語,602750,,,3008,
一段過往一段傷,,華語,602751,,,3008,
以後嫁的他,,華語,602752,,,3008,
意願,,華語,602753,,,3008,
迎親,,華語,602754,,,3008,
擁擠的街孤獨的走,,華語,602755,,,3008,
幽州禦龍歎,,華語,602756,,,3008,
原地待命,,華語,602757,,,3008,
緣分盡了還在逞強,,華語,602758,,,3008,
願你眼裡有光,,華語,602759,,,3008,
月兒高,,華語,602760,,,3008,
再見愛人,,華語,602761,,,3008,
占星,,華語,602762,,,3008,
照單全收,,華語,602763,,,3008,
至少愛過你,,華語,602764,,,3008,
州州（DJ阿卓版）,,華語,602765,,,3008,
追光而來,,華語,602766,,,3008,
走完這旅途,,華語,602767,,,3008,
走在人生的路口,,華語,602768,,,3008,
做只孤獨鬼,,華語,602769,,,3008,
深藍色的海,,華語,602770,,,3008,
瘋子,,華語,602771,,,3008,
抽刀斷紅塵,,華語,602772,,,3008,
風啊花啊山啊海啊,,華語,602773,,,3008,
熬的不是夜,,華語,602774,,,3008,
眼淚劃過玫瑰,,華語,602775,,,3008,
玫瑰落地遙遙無期,,華語,602776,,,3008,
孟浪,,華語,602777,,,3008,
飛鳥的痕跡,,華語,602778,,,3008,
夜間男友,,華語,602779,,,3008,
96%,,華語,602780,,,3011,
刀槍不入,,華語,602781,,,3008,
天真奢求,,華語,602782,,,3008,
太遲,,華語,602783,,,3008,
先暫停,,華語,602784,,,3008,
如果時間可以回 蘇譚譚 到從前 抒情搖滾 ○ 代表【midi無人聲】 ★ 代表【原聲 或 原聲原影】 適用機型：S-2001(BD.IMSBP系列.N系列.N2系列.W系列),● 代表【midi+人聲伴唱】 利用人如欲使用本產品於「公開場所」使用，請逕洽集管團體或著 ◆ 代表【midi+原聲伴唱】 作財產權人取得「公播授權」後，始得合法使用 2 上述符號為【歌曲類型】依機型及功能而有所不同 發行日期 2024/11,華語,602785,,,3008,
你還要等他,,華語,602786,,,3008,
別走掉,,華語,602787,,,3008,
我在未來做出了 YangYang 救聲圈 改變,,華語,602788,,,3008,
我們呢,,華語,602789,,,3008,
放過你也放過我,,華語,602790,,,3008,
原來我們只是過客,,華語,602791,,,3008,
彩虹風,,華語,602792,,,3008,
無人問紅塵,,華語,602793,,,3008,
盜愛者,,華語,602794,,,3008,
等不來花開,,華語,602795,,,3008,
想念被擱淺,,華語,602796,,,3008,
愛了傷了也痛了,,華語,602797,,,3008,
愛怎麼了(DJAh版),,華語,602798,,,3008,
愛墜入深海,,華語,602799,,,3008,
落了空,,華語,602800,,,3008,
誅心（DJAh版）,,華語,602801,,,3008,
對望（DJ版）,,華語,602802,,,3008,
慢慢明白,,華語,602803,,,3008,
緣分牆,,華語,602804,,,3008,
誰會心疼我,,華語,602805,,,3008,
學到老愛到老,,華語,602806,,,3008,
輸者,,華語,602807,,,3008,
舊賬（DJR7版）,,華語,602808,,,3008,
攤牌,,華語,602809,,,3008,
飛蛾涅盤,,華語,602810,,,3008,
晚了嗎，我們,,華語,602811,,,3008,
等雨的眸,,華語,602812,,,3008,
獨自淋一場月光,,華語,602813,,,3008,
下輩子活成想要,,華語,602814,,,3009,
我還是會,,華語,602815,,,3009,
富士山留不住櫻,,華語,602816,,,3009,
其實不捨得 Hip-Hop ★ 楊小壯,,華語,602817,,,3009,
等雨停之後,,華語,602818,,,3009,
他把我刪了,,華語,602819,,,3009,
很久之後,的模樣 抒情搖滾 抒情搖滾 ★ ycccc ★,華語,602820,,,3009,
終於,,華語,602821,,,3009,
無關與我,,華語,602822,,,3009,
誠意,,華語,602823,,,3009,
錯過的婚禮,,華語,602824,,,3009,
如水年華(DJ阿卓版）,,華語,602825,,,3009,
淚從喜中來,,華語,602826,,,3009,
名為遺憾的懲罰,,華語,602827,,,3009,
天黑想你的夜,,華語,602828,,,3009,
淅瀝雨夜 Hip-Hop ★ 羊羊,,華語,602829,,,3009,
重複離別,掉的人,華語,602830,,,3009,
奔湧如我,花,華語,602831,,,3009,
留不住落櫻,,華語,602832,,,3009,
同頻,,華語,602833,,,3009,
為誰唱情歌,,華語,602834,,,3009,
每個地方都有光,,華語,602835,,,3009,
雲之間,,華語,602836,,,3009,
失控的海,,華語,602837,,,3009,
不等閒,,華語,602838,,,3009,
一起淋雨那幾年,,華語,602839,,,3009,
別害怕說再見,,華語,602840,,,3009,
I missing you,,華語,602841,,,3009,
愛的吸引力,,華語,602842,,,3009,
百利甜,,華語,602843,,,3015,
不該（DJ德鵬版）,,華語,602844,,,3009,
不回頭不挽留,,華語,602845,,,3009,
不經意的風,,華語,602846,,,3009,
不能開口的愛,,華語,602847,,,3009,
不是你不夠好,,華語,602848,,,3009,
不再碰感情,,華語,602849,,,3009,
曾愛過的誰,,華語,602850,,,3009,
觸鬚星系,,華語,602852,,,3009,
帶不走,,華語,602853,,,3009,
第三年,,華語,602854,,,3009,
飛機飛過,,華語,602855,,,3009,
感謝一路有你,,華語,602856,,,3009,
隔一道挽星,,華語,602857,,,3009,
故事痕跡,,華語,602858,,,3009,
好不了的傷忘不,,華語,602859,,,3009,
何罪之有,,華語,602860,,,3009,
紅塵歎,,華語,602861,,,3009,
花落塵埃(DJ阿卓版) House 宋熙銘,,華語,602862,,,3015,
季風來過,,華語,602863,,,3009,
驚奇的夢,,華語,602864,,,3009,
靜電,,華語,602865,,,3009,
局限,,華語,602866,,,3010,
可是我忘了,,華語,602867,,,3010,
潰散,,華語,602868,,,3010,
來時人間去時塵,,華語,602869,,,3010,
離愁(戲腔版),,華語,602870,,,3010,
路過人海,,華語,602871,,,3010,
旅行,,華語,602872,,,3010,
馬馬嘟嘟騎,,華語,602873,,,3010,
沒抓緊的愛,,華語,602874,,,3010,
冥,,華語,602875,,,3010,
命運賜我一個耳光,,華語,602876,,,3010,
南山北海 Hip-Hop ★ 陸三三,,華語,602877,,,3010,
難別,,華語,602878,,,3010,
你的婚禮,,華語,602879,,,3010,
你眼裡的光,,華語,602880,,,3010,
青虹,,華語,602882,,,3010,
是你嗎,,華語,602883,,,3012,
日落戀星河,,華語,602884,,,3010,
如一如你,,華語,602885,,,3010,
山河詩舊 抒情搖滾 ★ 殘雪,,華語,602886,,,3010,
傷痛的心誰來縫,,華語,602887,,,3010,
失約所有美麗風景,,華語,602888,,,3010,
手中的畫筆 Hip-Hop ★ 阮妍霏,,華語,602889,,,3010,
熟悉到陌生,,華語,602890,,,3010,
誦經人 Hip-Hop 邊靖婷 ★,,華語,602891,,,3010,
微風吹,,華語,602893,,,3010,
違,,華語,602894,,,3010,
唯你是青山,,華語,602895,,,3010,
我當你,,華語,602896,,,3010,
我們誰都不是神,,華語,602897,,,3010,
我喜歡你,,華語,602898,,,3010,
我以為,,華語,602899,,,3010,
誤會,,華語,602900,,,3010,
想你的時候唱一,,華語,602901,,,3010,
像個乞丐討著幸福,,華語,602902,,,3010,
這些年過得好累,,華語,602903,,,3012,
煙火灰,首情歌,華語,602904,,,3010,
野火,,華語,602905,,,3010,
野人,,華語,602906,,,3010,
一場大夢一場空,,華語,602907,,,3010,
一定是你不好,,華語,602908,,,3010,
一念破,,華語,602909,,,3010,
伊人未歸,,華語,602910,,,3010,
餘喘,,華語,602911,,,3010,
雨匆匆,,華語,602912,,,3010,
遠嫁,,華語,602913,,,3010,
月球引動潮汐,,華語,602914,,,3010,
再多一點點溫柔,,華語,602915,,,3010,
再無歸期無歸人,,華語,602916,,,3010,
再也沒有遇到他,,華語,602917,,,3010,
長歌盡,,華語,602918,,,3011,
只是覺得冷,,華語,602919,,,3011,
最可愛女孩 梭 ★ 糯米 Nomi,,華語,602920,,,3011,
江湖太深我太嫩,,華語,602921,,,3011,
不過是你,,華語,602922,,,3011,
我要你快樂,,華語,602923,,,3011,
只是少了你,,華語,602924,,,3011,
所有美好奔你而來,,華語,602925,,,3011,
小時候真傻,,華語,602926,,,3011,
路過人間三月的風,,華語,602927,,,3011,
大膽一點吧,,華語,602928,,,3011,
靠山山倒靠人人老,,華語,602929,,,3011,
你的好運就要來啦,,華語,602930,,,3011,
誰說,,華語,602931,,,3011,
一秒鐘,,華語,602932,,,3011,
別傻了姑娘,,華語,602933,,,3011,
海葬,,華語,602934,,,3011,
接納遺憾,,華語,602935,,,3011,
望君在閣樓 抒情搖滾 ★ 黎林添嬌,,華語,602936,,,3011,
還鄉,,華語,602937,,,3011,
無法預知的未來,,華語,602938,,,3011,
寂寞的人喝不醉,,華語,602939,,,3011,
愛是自由意志的,,華語,602940,,,3011,
跟風,,華語,602941,,,3011,
墜落,,華語,602942,,,3011,
悅人不如悅己,,華語,602943,,,3011,
"親愛的,你很了不",,華語,602944,,,3011,
總會有人來愛你,,華語,602945,,,3011,
人生太荒唐,,華語,602946,,,3011,
天是灰白色,,華語,602947,,,3011,
心跳比我先認出你,,華語,602948,,,3011,
他剛好寂寞,,華語,602949,,,3011,
生活不曾饒過誰,,華語,602950,,,3011,
我不怕(DJAh版),,華語,602951,,,3011,
我胖又怎麼樣 中板靈魂樂 ○ 代表【midi無人聲】 ★ 代表【原聲 或 原聲原影】 適用機型：S-2001(BD.IMSBP系列.N系列.N2系列.W系列),● 代表【midi+人聲伴唱】 利用人如欲使用本產品於「公開場所」使用，請逕洽集管團體或著 ◆ 代表【midi+原聲伴唱】 作財產權人取得「公播授權」後，始得合法使用 1 上述符號為【歌曲類型】依機型及功能而有所不同 發行日期 2025/02,華語,602952,,,3011,
我想擺爛,,華語,602953,,,3011,
喝醉以後才明白,,華語,602954,,,3011,
我吧,,華語,602955,,,3011,
蝴蝶與蝴蝶結,,華語,602956,,,3011,
天地拜,,華語,602957,,,3011,
如果你也正在聽,,華語,602958,,,3011,
白色橄欖樹,,華語,602959,,,3011,
最終劇情,起,華語,602960,,,3011,
圍獵,,華語,602961,,,3011,
陪你大夢一場,,華語,602962,,,3011,
她的城,,華語,602963,,,3011,
初聽,,華語,602964,,,3011,
我樂意這樣活,,華語,602965,,,3011,
不被認可的花,,華語,602966,,,3011,
等我聽完這首離,,華語,602967,,,3012,
巫山月,,華語,602968,,,3012,
江湖少年游,,華語,602969,,,3012,
阿Ｑ,,華語,602970,,,3012,
林黛玉玩ＤＪ,,華語,602971,,,3012,
誰又能說給你聽,,華語,602972,,,3012,
假裝愛我,,華語,602973,,,3012,
慢慢我,,華語,602974,,,3012,
給我的心又給別人,,華語,602975,,,3012,
戲子,,華語,602976,,,3012,
親密朋友,,華語,602977,,,3012,
清晨有粥 黃昏有酒,,華語,602978,,,3012,
偷渡凡間 抒情搖滾 ★ 盧盧快閉嘴,,華語,602979,,,3012,
無關的人,,華語,602980,,,3012,
聽風的秘密,,華語,602981,,,3012,
無言,,華語,602982,,,3012,
香煙到頭終是灰,,華語,602983,,,3012,
提筆寫相思,,華語,602984,,,3012,
吹安靜的風,,華語,602985,,,3012,
我歎,,華語,602986,,,3012,
一程傷悲,,華語,602987,,,3012,
一笑了之,女孩,華語,602988,,,3012,
他要去保護別的,,華語,602989,,,3012,
為你搖撼 Hip-Hop 戴羽彤 ★,,華語,602990,,,3012,
一場相遇一生回憶,,華語,602991,,,3012,
失你,,華語,602992,,,3012,
月落烏啼 抒情搖滾 承桓 ★,,華語,602993,,,3012,
不遺憾了吧 抒情搖滾 ★ 林澤勳,,華語,602994,,,3012,
可是你啊 抒情搖滾 ★ 蘇星婕.pro,,華語,602995,,,3012,
想知道,,華語,602996,,,3012,
耳光,,華語,602997,,,3012,
他知道,,華語,602998,,,3012,
怎麼治癒,,華語,602999,,,3012,
奶奶的歌謠,,華語,603000,,,3012,
我希望,,華語,603001,,,3012,
不想要了,,華語,603002,,,3012,
在失去你的夜裡,,華語,603003,,,3012,
一千零一個夜晚,,華語,603004,,,3012,
婚紗,,華語,603005,,,3012,
天下似無情,,華語,603006,,,3012,
日落的告白 House 李飄飄 ★,,華語,603007,,,3012,
他明明,,華語,603008,,,3012,
影子,,華語,603009,,,3012,
一個人的心事,,華語,603010,,,3012,
你看一晃又一秋,,華語,603011,,,3012,
南半球愛上北極星,,華語,603012,,,3012,
落日劫,,華語,603013,,,3012,
蝴蝶效應,,華語,603014,,,3013,
逃離,,華語,603015,,,3013,
Bad Tony,,華語,603016,,,3013,
對的人站在前途裡,,華語,603017,,,3013,
少年為何去遠方,,華語,603018,,,3013,
某年某月某日,,華語,603019,,,3013,
紅燭守故里 中板靈魂樂 ★ 文夫,,華語,603020,,,3013,
親愛的你呀,,華語,603021,,,3013,
如若人間是樂土,,華語,603022,,,3013,
風吹過的那一頁,,華語,603023,,,3013,
那樣一個你,,華語,603024,,,3013,
觸不到的雪 中板靈魂樂 焦七七 ★,,華語,603025,,,3013,
寫給失敗者的歌,,華語,603026,,,3013,
思無涯,,華語,603027,,,3013,
秋天晚風,,華語,603028,,,3013,
銀河落入月光海,,華語,603029,,,3013,
破碎的她,,華語,603030,,,3013,
不要再試探,,華語,603031,,,3013,
借位,,華語,603032,,,3013,
舊賬,,華語,603033,,,3015,
風的約定,,華語,603034,,,3013,
你並不需要我愛你,,華語,603035,,,3013,
只是遺憾,,華語,603036,,,3013,
假裝不在乎,,華語,603037,,,3013,
自己騙自己,,華語,603038,,,3013,
思風思雨也思你,,華語,603039,,,3013,
回憶的風輕輕吹,,華語,603040,,,3013,
無所保留 搖滾 ★ 趙希予,,華語,603041,,,3013,
少女祭,,華語,603042,,,3013,
晚睡,,華語,603043,,,3013,
別把我忘記,,華語,603044,,,3013,
悲傷慣性,,華語,603045,,,3013,
只願是你,,華語,603046,,,3013,
任憑我,,華語,603047,,,3013,
我已經看透了,,華語,603048,,,3013,
我在等一場雨 中板靈魂樂 羊羊 ★,,華語,603049,,,3013,
我沒有港灣避風,,華語,603050,,,3013,
我想我會一直孤單,,華語,603051,,,3013,
風的憂傷只有雲知道 中板靈魂樂 ★ 常超凡,,華語,603052,,,3013,
我在秋風之中等你(花開花落花無悔),,華語,603053,,,3013,
掙脫月老的線,,華語,603054,,,3013,
愛你的我著了你的魔(DJ浩然版) House ★ 常超凡,,華語,603055,,,3013,
睡不著的夜晚我都在想,,華語,603056,,,3013,
不富也鎮宅 梭 ★ 洛先生,,華語,603057,,,3013,
左耳進右耳出,,華語,603058,,,3013,
你不要回頭,,華語,603059,,,3013,
下輩子別再讓我遇見你(DJ浩然版) Techno 侯澤潤 ★,,華語,603060,,,3013,
不脫長衫,,華語,603061,,,3013,
不該為你動了情,,華語,603062,,,3013,
什麼破歌,,華語,603063,,,3013,
反正路也要一人走 中板靈魂樂 程晶晶,,華語,603064,,,3015,
手寫愛情,,華語,603065,,,3014,
月亮對我說她累了,,華語,603066,,,3014,
世界以痛吻我,,華語,603067,,,3014,
半念,,華語,603068,,,3014,
去你想去的地方 Hip-Hop ○ 代表【midi無人聲】 ★ 代表【原聲 或 原聲原影】 適用機型：S-2001(BD.IMSBP系列.N系列.N2系列.W系列),● 代表【midi+人聲伴唱】 利用人如欲使用本產品於「公開場所」使用，請逕洽集管團體或著 ◆ 代表【midi+原聲伴唱】 作財產權人取得「公播授權」後，始得合法使用 1 上述符號為【歌曲類型】依機型及功能而有所不同 發行日期 2025/05,華語,603069,,,3014,
刪(句句是遺憾),,華語,603070,,,3014,
最痛不是分開那一刻,,華語,603071,,,3014,
李白的酒蘇軾的柳,,華語,603072,,,3014,
愛像秋天的落葉,,華語,603073,,,3014,
願你心中有愛眼中有光,,華語,603074,,,3014,
你別著急 先愛自己,,華語,603075,,,3014,
那個我只敢想念不敢打擾的人 中板靈魂樂 ○ 代表【midi無人聲】 ★ 代表【原聲 或 原聲原影】 適用機型：S-2001(BD.IMSBP系列.N系列.N2系列.W系列),● 代表【midi+人聲伴唱】 利用人如欲使用本產品於「公開場所」使用，請逕洽集管團 ◆ 代表【midi+原聲伴唱】 體或著作財產權人取得「公播授權」後，始得合法使用 上述符號為【歌曲類型】依機型及功能而有所不同 2 發行日期 2025/05,華語,603076,,,3014,
我想去吹吹曠野的風 搖滾 ★ 徐劍秋,,華語,603077,,,3014,
我可以對你好也可以不打擾,,華語,603078,,,3014,
南方的秋落不下北方的葉 中板靈魂樂 ★ 王一一,,華語,603079,,,3014,
總有些人,,華語,603080,,,3014,
等不到錯過的你,,華語,603081,,,3014,
願你不爭不搶眼裡有光,,華語,603082,,,3014,
凡事靠自己 風生又水起,,華語,603083,,,3014,
餘生很貴 請別浪費,,華語,603084,,,3014,
總會有人值得你期待,,華語,603085,,,3014,
活在當下就好 不要預支煩惱,,華語,603086,,,3014,
我來人間溜個彎,,華語,603087,,,3014,
你管我胖不胖 梭 ★ 文夫,,華語,603088,,,3014,
海花,,華語,603089,,,3014,
穿過雲層的思念,,華語,603090,,,3014,
沒有天生的好命,,華語,603091,,,3015,
騙人,,華語,603092,,,3014,
眼淚凍結,,華語,603093,,,3014,
各自相安 Hip-Hop 胡 66 ★,,華語,603094,,,3014,
最晚的風,,華語,603095,,,3014,
我把愛都輸光,,華語,603096,,,3014,
也許,,華語,603097,,,3014,
保持微笑 抒情搖滾 ★ 陳默之,,華語,603098,,,3014,
接納,,華語,603099,,,3014,
暫停鍵,,華語,603100,,,3014,
酒淚 中板靈魂樂 ★ 雪二,,華語,603101,,,3014,
憾情,,華語,603102,,,3014,
原諒,,華語,603103,,,3014,
就忘了,,華語,603104,,,3014,
聽雪,,華語,603105,,,3014,
是你,,華語,603106,,,3014,
暗戀快樂,,華語,603107,,,3014,
不錯過,,華語,603108,,,3014,
勇敢 抒情搖滾 ★ 丁芙妮,,華語,603109,,,3014,
不打擾 中板靈魂樂 ★ 夏婉安,,華語,603110,,,3014,
細雨 中板靈魂樂 ★ 阿 YueYue,,華語,603111,,,3014,
智者不入愛河 Hip-Hop coco這個李文 ★,,華語,603112,,,3014,
招惹,,華語,603113,,,3014,
放晴 Hip-Hop ★ 夏婉安,,華語,603114,,,3014,
愛你過了頭 House 喬浚丞. ★ 王宇宙 Leto,,華語,603115,,,3014,
代替,,華語,603116,,,3015,
不是所有人都會值得等,,華語,603117,,,3015,
把心放寬 把事看淡,,華語,603118,,,3015,
從風那聽說,,華語,603119,,,3015,
把錢全花光 抒情搖滾 承桓,,華語,603120,,,3015,
茶涼換酒 House 高桐,,華語,603121,,,3015,
沉默著再見,,華語,603122,,,3015,
從前你後來你,,華語,603123,,,3015,
定奪,,華語,603124,,,3015,
風停了就該說再見 Hip-Hop 蘇譚譚,,華語,603125,,,3015,
枯木也會逢春開花,,華語,603126,,,3015,
來這人間,,華語,603127,,,3015,
爛泥走出花,,華語,603128,,,3015,
女孩兒,,華語,603129,,,3015,
傷人的是情不是酒,,華語,603130,,,3015,
我不等雨停 Hip-Hop 孟維來,,華語,603131,,,3015,
優勝劣汰的愛,,華語,603132,,,3015,
遇見過就好,,華語,603133,,,3015,
海上濃霧 抒情搖滾 魚兒七,,華語,603134,,,3015,
高攀,,華語,603135,,,3015,
總會有人,,華語,603136,,,5311,
我會等,,華語,603137,,,5311,
最最好的朋友,,華語,603138,,,3015,
下一次哭,,華語,603139,,,3015,
傷情歌,,華語,603140,,,3015,
灰色華爾滋,,華語,603141,,,3015,
她的故事,,華語,603142,,,3016,
受傷,,華語,603143,,,3016,
不說,,華語,603144,,,3017,
我們,,華語,603145,,,3018,
一千步的距離,,華語,603147,,,3019,
這一生回憶有你就足夠,,華語,603148,,,3015,
我是你的第幾個男人 抒情搖滾 一隻舟,,華語,603151,,,3015,
愛你我不管對錯,,華語,603152,,,3016,
深不見底的悲,,華語,603153,,,3015,
愛上一個夢,,華語,603154,,,3015,
可不可以放棄你,,華語,603155,,,3015,
沒那麼堅強,,華語,603156,,,3016,
修女的傷,,華語,603157,,,3016,
出牆,,華語,603158,,,3015,
青蛙王子,,華語,603159,,,3015,
我願做一棵樹,,華語,603160,,,3015,
相愛容易相處難,,華語,603161,,,3016,
愛情小說 華爾滋 尚文婷,,華語,603162,,,3016,
心上人,,華語,603163,,,3017,
龍蝦盛宴 抒情搖滾 REID伯虎,,華語,603164,,,3016,
唱給愛情,,國語,603165,,,3018,
戀歌,,華語,603166,,,3018,
意外的邂逅,,華語,603168,,,3015,
再多的愛,,華語,603169,,,3020,
我在回憶裡等你,,華語,603170,,,3016,
啃老族,,華語,603171,,,3015,
窮小子和假小子,,華語,603172,,,3015,
掛了吧 搖滾 LBI利比,,華語,603173,,,3016,
夜闌珊,,華語,603174,,,3016,
煙花,,華語,603175,,,3017,
過了幾年,,國語,603176,,,3018,
讓我挽著你的手,,華語,603177,,,3015,
另一個自己,,華語,603178,,,3016,
明年今日,是他,華語,603179,,,3020,
不敢,,華語,603180,,,3019,
寄生,,華語,603181,,,3015,
玩偶,,華語,603182,,,3016,
小自由,,華語,603183,,,3021,
What's your name,,華語,603184,,,3015,
我怎麼樣 Hip-Hop 郭小萍,,華語,603185,,,3015,
叫你別太難過,,華語,603186,,,3016,
９２７７,,華語,603187,,,3017,
晚安,,華語,603188,,,3015,
我們都錯了,,華語,603189,,,3017,
陽光正好 中板靈魂樂 霍贊臣,,華語,603190,,,3017,
我且乾杯,,華語,603191,,,3017,
一個人的時候,,華語,603192,,,3017,
那個女孩,,華語,603193,,,3017,
小孩,,華語,603194,,,3018,
我是宅女 梭 劉陽陽,,華語,603195,,,3015,
心安,,華語,603196,,,3016,
背影,,華語,603197,,,3017,
就像花兒開,,華語,603198,,,3016,
初遇,,華語,603199,,,3016,
今夜的風,,台語,603200,,,3018,
不記得,,華語,603201,,,3018,
快三十歲,,華語,603202,,,3019,
燃燒的火鳥,,華語,603203,,,3017,
欠你的歌 見你,,華語,603205,,,3017,
想起了你,,華語,603206,,,3019,
煙圈,,華語,603207,,,3018,
你住的城市不下雪,,華語,603208,,,3015,
初更過,,華語,603209,,,3022,
為什麼要喝醉 抒情搖滾 利用人如欲使用本產品於「公開場所」使用，請逕洽集管團體或,,華語,603210,,,3015,
圍城,,華語,603211,,,3018,
沒有魚,,華語,603212,,,3018,
因為有愛,,台語,603213,,,3018,
你是我的夢,,國語,603214,,,3018,
春風和煦春風寒,,華語,603215,,,3018,
黎明前的黑暗,,華語,603217,,,3015,
情人節的情人劫,,華語,603218,,,3017,
梧桐樹,,華語,603220,,,3018,
怎麼能忘了,,華語,603221,,,3018,
愛不用太禮貌,,華語,603222,,,3018,
說分手不可以,,華語,603223,,,3019,
我們都還太年輕,,華語,603225,,,3020,
DANCE,,華語,603226,,,3019,
不想回家,,華語,603227,,,3019,
采,,華語,603228,,,3020,
迷戀,,華語,603229,,,3021,
How can I do,,華語,603230,,,3021,
Miss you,,華語,603231,,,3022,
君所見,,華語,603232,,,3018,
等愛回來,,國語,603233,,,3018,
當初的回憶,,華語,603234,,,3018,
倦思,,華語,603235,,,3019,
最後一個擁抱,,華語,603236,,,3019,
戀愛配方,,華語,603237,,,3019,
無條件愛你,,華語,603238,,,3018,
蒼天饒過誰,,華語,603241,,,3018,
故里是你,,台語,603242,,,3018,
我是你翻了一半的書,,華語,603243,,,3018,
夢很甜 Hip-Hop 陳維傑 想入非非,,華語,603244,,,3016,
最佳,,華語,603245,,,3019,
我最親愛的,,華語,603246,,,3019,
人間四月天,,華語,603247,,,3019,
早安寶貝,,華語,603248,,,3019,
哈士奇,,華語,603249,,,3019,
挺好,,華語,603250,,,3020,
Follow You 梭 童隆豪,,台語,603252,,,3019,
Love story,,台語,603253,,,3020,
Remember,,台語,603254,,,3020,
殘留的溫柔,,華語,603255,,,3019,
爺爺的菜園,,華語,603256,,,3020,
時光與夢 抒情搖滾 利用人如欲使用本產品於「公開場所」使用，請逕洽集管團體或,,華語,603257,,,3020,
兵語,,華語,603258,,,3017,
如果愛你,,華語,603259,,,3019,
小星星,,華語,603260,,,3020,
有你的夜 親愛的你可知我有 梭 周林楓 程響 多麼思念你,,華語,603261,,,3017,
Hurt Inside,,華語,603262,,,3020,
寫給我們,,華語,603263,,,3020,
堅強的模樣,,華語,603264,,,3020,
巨蟹座,,華語,603265,,,3019,
來日不方長,,華語,603266,,,3020,
夜變亮,,華語,603267,,,3020,
獨孤天下,,華語,603268,,,3017,
漸漸的,,華語,603269,,,3017,
夏至你未至,,華語,603271,,,3020,
想你的夜 中板靈魂樂 李群州,,華語,603272,,,3017,
做一個勇敢少年,,華語,603273,,,3020,
原來你說的朋友就,,華語,603274,,,3020,
現在的我們,,華語,603275,,,3017,
短髮姑娘,,華語,603276,,,3017,
再深,,華語,603277,,,3019,
Spoil me,,華語,603278,,,3019,
我是一條小魚,,華語,603279,,,3020,
就這樣在一起,,華語,603280,,,3020,
春天,,華語,603281,,,3017,
故事,,華語,603282,,,3021,
山楂樹之戀,,華語,603283,,,3021,
生活,,華語,603284,,,3021,
身體音階歌,,華語,603285,,,3017,
Being So Long,,台語,603286,,,3019,
洛克公園,,華語,603287,,,3021,
因為什麼 我的眼睛你的心事,,華語,603288,,,3020,
致我愛的女孩,,華語,603289,,,3017,
天命,,華語,603290,,,3019,
十年,,華語,603292,,,3020,
遠方的你,,華語,603293,,,3021,
為你歌唱,,華語,603294,,,3021,
不敢期望,,華語,603295,,,3021,
把你圈在心裡面,,華語,603296,,,3016,
不是非愛不可,,華語,603297,,,3017,
曾,,華語,603298,,,3021,
雨後的寧靜,,華語,603299,,,3021,
你知道的,,華語,603300,,,3021,
妄想,,華語,603301,,,3021,
grow up,,華語,603302,,,3019,
MY PEACH GIRL,,華語,603303,,,3020,
猜不透的謎題,,華語,603304,,,3019,
我想說愛你,,華語,603305,,,3021,
孤單城市,,台語,603306,,,3018,
魔獸日記,,華語,603307,,,3019,
七月的傷,,華語,603308,,,3019,
我的小時候,,華語,603309,,,3021,
西安故事,,華語,603310,,,3019,
那片光輝,,華語,603311,,,3021,
匆匆,,華語,603312,,,3019,
你來過我心裡,,華語,603313,,,3016,
不想說太多,,華語,603314,,,3017,
走好自己的路,,華語,603315,,,3021,
懂事的年紀,,華語,603316,,,3022,
四季沒了你,,華語,603317,,,3019,
界牆,,華語,603318,,,3019,
煙酒朋友,,華語,603319,,,3017,
放手讓你飛,,華語,603320,,,3018,
生活需要慢節奏,,華語,603321,,,3021,
一個人的回憶裡,,華語,603322,,,3016,
少年的你,,華語,603323,,,3019,
你也知道我,,華語,603324,,,3021,
袈裟,,華語,603325,,,3020,
I wanna know,,華語,603326,,,3019,
嶼你,,華語,603327,,,3021,
破碎的夜,,華語,603328,,,3021,
銀河系,,華語,603329,,,3020,
失眠毒藥 Hip-Hop 勵志豪,,華語,603330,,,3021,
天黑得早,,華語,603331,,,3017,
一萬個藉口,,華語,603332,,,3019,
別痛,,華語,603333,,,3017,
刪不掉的回憶,,華語,603334,,,3021,
尾聲,,華語,603335,,,3021,
你像花,,華語,603336,,,3021,
誤入迷途,,華語,603337,,,3021,
1998,,華語,603338,,,3019,
世界這麼大還是遇,,華語,603339,,,3017,
你離開於七月,,華語,603340,,,3022,
好愛好散,,華語,603341,,,3021,
神秘先生,,華語,603342,,,3022,
恨透愛情,,華語,603343,,,3022,
抹不去的回憶,,華語,603344,,,3019,
物是人非 抒情搖滾 張澤熙,,華語,603345,,,3020,
萬歲,,華語,603346,,,3022,
回頭有我,,華語,603347,,,3016,
如果不能在一起,,華語,603348,,,3018,
偽執念,,華語,603349,,,3022,
下一個,,華語,603350,,,3022,
多期待,,華語,603351,,,3021,
曲終人未散,,華語,603352,,,3022,
不再等候的姑娘,,華語,603353,,,3016,
江南多雨時,,華語,603354,,,3022,
當年的我們,,華語,603355,,,3021,
當心交給了孟婆,,華語,603356,,,3022,
前程似錦 Folk 一麼,,華語,603357,,,3017,
清流,,華語,603358,,,3020,
一花一世界,,華語,603359,,,3020,
最佳默契,,華語,603360,,,3021,
把劍問天,,華語,603361,,,3017,
翻滾吧熱浪,,華語,603362,,,3018,
１８歲,,華語,603363,,,3016,
智者不入愛河(DJ沈念版),,華語,603364,,,3018,
一念之差（DJ沈念版）,,華語,603365,,,3019,
四季予你,,華語,603366,,,3022,
問心無愧,,國語,603367,,,3018,
不要跌倒,,華語,603368,,,3017,
一錯再錯,,華語,603369,,,3021,
餘生能否再見,,華語,603370,,,3022,
夢醒時又想起你,,華語,603371,,,3017,
等你歸來,,華語,603372,,,3022,
那段悲傷的路程,,華語,603373,,,3021,
夜的寂寞 Hip-Hop 利用人如欲使用本產品於「公開場所」使用，請逕洽集管團體或,,華語,603374,,,3021,
長街萬象,,華語,603375,,,3022,
朝暮裡,像太陽一樣陪著你,華語,603377,,,3022,
聆聽過往的人,,華語,603379,,,3022,
為何偏偏是我為情,,華語,603380,,,3022,
瓜不瓜,,華語,603381,,,3016,
時光洪流,,國語,603383,,,3018,
故人尋,,華語,603384,,,3021,
一見傾心 如果最後我們不能在一起,,華語,603385,,,3018,
觀月,,華語,603386,,,3021,
希望的光,,華語,603387,,,3020,
孤陋寡聞,,華語,603388,,,3021,
滿城絮,所困,華語,603389,,,3022,
視而不見,,華語,603390,,,3020,
錯過愛情錯過你,,華語,603391,,,3022,
浮世夢,,華語,603392,,,3016,
許你,,華語,603393,,,3022,
愛情不是一把牌,,華語,603394,,,3018,
雪中行 因為一個人，愛上一座城,,華語,603395,,,3018,
三月清風吹,,國語,603396,,,3018,
撲蝶,,華語,603397,,,3022,
欲問菩提,,華語,603398,,,3022,
後來呢,,華語,603399,,,3022,
遇見你時風好甜,,華語,603400,,,3019,
人間煙火,,華語,603401,,,3022,
國色天香,,華語,603402,,,3016,
南京南北京北,,華語,603403,,,3017,
煙雨,,華語,603404,,,3022,
可惜,,華語,603405,,,3022,
一鍵還原,,華語,603406,,,3018,
一切從簡,,華語,603407,,,3019,
墜落幻境,,華語,603408,,,3022,
奧利給,,華語,603409,,,3020,
再傷你一次,,華語,603411,,,3021,
愛恨穿腸 梭 宋熙銘,,華語,603412,,,3016,
自罰三杯,第57次取消發送,華語,603413,,,3020,
傷了許多年,,華語,603414,,,3020,
我也很抱歉,,華語,603415,,,3020,
北京的夏天,,華語,603416,,,3017,
風車站台,,華語,603418,,,3023,
戀愛關係,,華語,603419,,,3017,
流浪兄弟,,華語,603420,,,3022,
我已成魔（新版） 抒情搖滾 楚小襄,,華語,603421,,,3019,
幻影,,華語,603423,,,3022,
願你餘生晴空萬里,,華語,603424,,,3019,
輕嗅青梅,,華語,603426,,,3022,
後來,,華語,603428,,,3018,
不就,,華語,603429,,,3021,
我會將你抱緊,,華語,603430,,,3021,
拯救陰雨,,華語,603431,,,3021,
到這吧,,華語,603433,,,3016,
江水悠悠,,華語,603434,,,3017,
都市霓虹,,台語,603435,,,3021,
風,,華語,603436,,,3020,
Say Love You,,華語,603437,,,3021,
庸人自擾,,國語,603438,,,3018,
小心願,,華語,603439,,,3020,
人間,,華語,603440,,,3022,
一輪明月,,華語,603441,,,3018,
燃燒,,華語,603442,,,3022,
love,,華語,603443,,,3022,
剩夏,,華語,603444,,,3022,
煮酒問月,,華語,603446,,,3022,
是否,,華語,603447,,,3022,
止寂,,華語,603448,,,3022,
風和海,,華語,603449,,,3016,
你剛分手 Hip-Hop 程響,,華語,603450,,,3017,
十八彎,,華語,603451,,,3020,
魚死網破,,華語,603452,,,3020,
淡忘,,華語,603453,,,3017,
秋分,,華語,603454,,,3022,
萬物可期,,華語,603455,,,3021,
執迷幻覺,,華語,603456,,,3022,
深情種子,,華語,603457,,,3022,
等風吹,,華語,603458,,,3016,
悸動,,華語,603459,,,3022,
可以沒有我,,華語,603460,,,3022,
寒蟬不知深秋,,華語,603461,,,3016,
輸給你了,,華語,603462,,,3020,
心結,,華語,603463,,,3022,
可不可以勇敢,,華語,603464,,,3017,
還好有你,,華語,603465,,,3016,
空中樓閣,,華語,603466,,,3017,
情關,,華語,603467,,,3017,
孟林橋,,華語,603468,,,3017,
過去的你,,華語,603469,,,3016,
故事終章,,華語,603470,,,3022,
她說她,,華語,603471,,,3022,
愛死了昨天,,華語,603472,,,3022,
雲底人間,,華語,603473,,,3022,
歸,,華語,603474,,,3022,
看茶,,華語,603475,,,3021,
酩酊,,華語,603476,,,3020,
千燈,,華語,603477,,,3017,
歲歲念,,華語,603478,,,3022,
子莫格尼,,華語,603479,,,3023,
人生以北,,華語,603480,,,3019,
相思難醫,,華語,603481,,,3022,
感謝過去的你,,台語,603482,,,3022,
偷走我三年,,華語,603483,,,3019,
我不是孫悟空,,華語,603484,,,3020,
你說過要在一起,,華語,603485,,,3019,
寫一首情歌,,華語,603486,,,3019,
掀起了風,,華語,603487,,,3022,
輸不起,,華語,603488,,,3022,
亂世遊,,華語,603489,,,3019,
將你還於人海,,華語,603490,,,3022,
青山遠,,華語,603491,,,3022,
等一樹花開,,華語,603492,,,3023,
西風往東吹 Hip-Hop 梧彤 Vickie,,華語,603493,,,3023,
暗戀,,華語,603495,,,3016,
始終錯過,,華語,603496,,,3019,
為君,,華語,603497,,,3023,
曾幾過往,,華語,603498,,,3016,
接受所有結果,,華語,603499,,,3017,
光年,,華語,603500,,,3016,
知己,,台語,603501,,,3023,
我就是我,,華語,603502,,,3023,
浪花的帆 搖滾 肖楊,,華語,603503,,,3017,
月亮航班,,華語,603504,,,3019,
飛鳥與浪潮,,華語,603505,,,3016,
幹了再說 梭 珊珊,,華語,603506,,,3016,
小二上酒,,華語,603507,,,3023,
安好再聚首 中板靈魂樂 REID伯虎,,華語,603508,,,3023,
風上星辰 中板靈魂樂 黃晼,,華語,603510,,,3017,
驕傲遠方 Hip-Hop AZ珍珍,,華語,603511,,,3023,
時空物語,,華語,603512,,,3020,
抽離,,華語,603513,,,3023,
命中註定 Hip-Hop 一麼,,華語,603514,,,3023,
思念的人像花,,華語,603515,,,3020,
只是,,華語,603516,,,3023,
不甘心,,華語,603517,,,3016,
天黑後,,華語,603518,,,3018,
願,,華語,603519,,,3023,
念,,華語,603520,,,3023,
入秋的酒,,華語,603521,,,3021,
人間有你,,台語,603522,,,3021,
The sad song of love,,華語,603523,,,3020,
希望的光,,台語,603524,,,3018,
一紙離愁 一個人的未完待續,,華語,603525,,,3020,
原來,,華語,603526,,,3021,
夢空空,,華語,603527,,,3020,
極光戀著銀河,,華語,603528,,,3021,
期待雪的理由,,華語,603529,,,3019,
聞神不是神,,華語,603530,,,3021,
奔波,,華語,603531,,,3016,
孤山客,,華語,603532,,,3021,
向神仙討酒,,華語,603533,,,3020,
螢火蟲,,華語,603534,,,3020,
１２８兆的青春,,華語,603535,,,3016,
故鄉的回憶,,華語,603536,,,3020,
你的名字 抒情搖滾 總裁,,華語,603537,,,3019,
失溫戀情,,華語,603538,,,3021,
逃（致敬父親）,,華語,603539,,,3019,
Never leave,,華語,603540,,,3021,
回首浮雲散,,華語,603541,,,3016,
有一顆星星叫故鄉,,華語,603542,,,3020,
外婆的家,我們的愛已沉入海底,華語,603543,,,3021,
浮生不念,,華語,603544,,,3021,
滄海任我闖,,華語,603545,,,3016,
南北之約,,華語,603546,,,3020,
你你你,,華語,603547,,,3017,
就不該遇見,,華語,603548,,,3021,
開往世界邊際,,華語,603549,,,3023,
大囍之日,,華語,603550,,,3021,
想娶的姑娘,,華語,603551,,,3019,
人生歸途,,國語,603552,,,3018,
最美的瞬間,,華語,603553,,,3020,
青鋒,,華語,603554,,,3020,
仙道風骨,,台語,603555,,,3018,
寂寞,,華語,603556,,,3020,
婉心,,華語,603557,,,3020,
我會在,,華語,603558,,,3020,
再見那盞燈,,國語,603559,,,3018,
散霧,,華語,603560,,,3018,
冷空氣,,華語,603561,,,3018,
被困的野馬,,華語,603562,,,3018,
採茶,,華語,603563,,,3018,
世界阿數瑟,,華語,603564,,,3019,
幸福與你我同在,,華語,603565,,,3023,
柚見猛侖 House 王雲鵬,,華語,603566,,,3020,
若有歲月可回首,,華語,603567,,,3018,
不搖晃,,華語,603568,,,3021,
花房,,華語,603569,,,3016,
龍紋山河,,華語,603570,,,3019,
雲的秘密,,華語,603571,,,3019,
愛沒有對錯(我終於等到你),,華語,603572,,,3019,
酒館裡的敘事詩,,華語,603573,,,3016,
歲月悠悠,,華語,603574,,,3019,
苔上牡丹,,華語,603575,,,3019,
９０度的風 梭 利用人如欲使用本產品於「公開場所」使用，請逕洽集管團體或,,華語,603576,,,3016,
重力失效手冊,,華語,603577,,,3019,
看著我的眼睛說,,華語,603578,,,5311,
阿婆說,,華語,603580,,,3023,
愛錯人動錯情卻放不下,,華語,603581,,,3023,
愛埋在花海,,華語,603582,,,3023,
愛你老媽明天見,,華語,603583,,,3023,
愛是這樣的,,華語,603584,,,3023,
愛在黃昏後,,華語,603585,,,3023,
白月光照不到地上霜 Hip-Hop 魚兒七,,華語,603586,,,3023,
北方的北,,華語,603587,,,3023,
邊緣人士,,華語,603588,,,3024,
別計較太多,,華語,603589,,,3023,
不被愛的天空下起了大雪 House 向思思,,華語,603590,,,3023,
不當爛好人 秋天的紅葉不過冬,,華語,603591,,,3024,
不如死在二十那年 House 王佳音,,華語,603592,,,3023,
不知,,華語,603593,,,3023,
潮汐向月,,華語,603594,,,3023,
熾熱星光,,華語,603595,,,3024,
觸碰不到的你,,華語,603596,,,3024,
此夜定有鬼,,華語,603597,,,3024,
從你開始到我為止,,華語,603598,,,3024,
獨家深夜食堂,,華語,603599,,,3024,
風兒吹走雪花,,華語,603600,,,3024,
風向星座,,華語,603601,,,3024,
改回備註 回到最初,,華語,603602,,,3023,
溝壑,,華語,603603,,,3024,
苟且在眼前,明天的錢買不了昨 抒情搖滾 也可.王忻辰 徐劍秋,華語,603604,,,3024,
蝴蝶與深海,,華語,603605,,,3024,
黃昏與雲,,華語,603606,,,3024,
今生圓滿 中板靈魂樂 何仟仟,,台語,603607,,,3024,
荊棘與玫瑰,,台語,603608,,,3024,
君心何處寄,,華語,603609,,,3023,
離別的季節,,華語,603610,,,3023,
兩個感性的蠢材,,華語,603611,,,3023,
零下的寧夏,,華語,603612,,,3024,
落花等不到春風憐惜 House 張齊山 DanieL,,華語,603613,,,3025,
落花淚,,華語,603614,,,3023,
落秋,,華語,603615,,,3025,
媽媽我也不想在一棵樹上吊死 中板靈魂樂 歪歪超.魏晗(懋懋),,華語,603616,,,3025,
沒成為你的妻,,華語,603617,,,3025,
夢中花,,華語,603618,,,3023,
那就讓眼淚落下,,華語,603620,,,3025,
南飛的候鳥不眷戀北方的天空 抒情搖滾,,華語,603621,,,3023,
霓虹派對 Funk 魚兒七,,華語,603622,,,3025,
你别太犟,,華語,603623,,,3025,
你帶我看的海 中板靈魂樂 範茹,,華語,603624,,,3025,
你看那遠山,,華語,603625,,,3025,
你一定記得,,華語,603626,,,3023,
蒲公英的花,,華語,603627,,,3025,
期待下雪還是期待你,,華語,603628,,,3025,
千千萬萬,,華語,603629,,,3024,
嗆,,華語,603630,,,3025,
請先好好愛自己,,華語,603631,,,3025,
秋末雪落,,華語,603632,,,3025,
人世一遊,,華語,603633,,,3025,
如果不能嫁給愛情,,華語,603634,,,3023,
若是春風已吹過,,華語,603635,,,3025,
賞,,華語,603636,,,3023,
誰會記得我姓名,,華語,603637,,,3025,
世上無非兩件事,,華語,603638,,,3023,
是風是月是你,,華語,603639,,,3025,
樹上開花 Hip-Hop 杉和.大布,,華語,603640,,,3023,
聽完這一曲就釋懷 Hip-Hop 吳瑭,,華語,603641,,,3023,
我的月亮不浪漫,,華語,603642,,,3025,
我反而更像罪人,,華語,603643,,,3023,
我會從泥沼往上爬,,華語,603644,,,3025,
我會替你忘掉,,華語,603645,,,3023,
我快撐不住了,,華語,603646,,,3025,
我要有錢 Hip-Hop 淺影阿. 朝歌夜弦,,華語,603647,,,3025,
我也配,,華語,603648,,,3025,
我以為我姓李就會在你心裡 抒情搖滾 擱淺的魚.,,華語,603649,,,3025,
無法停留,,華語,603650,,,3023,
無人告知,,台語,603651,,,3023,
喜字,,華語,603652,,,3025,
限定夏夜 抒情搖滾 LBI利比 (時柏塵),,華語,603653,,,3025,
小小風浪 別放心上,,華語,603654,,,3023,
心裡總會壓著一些苦,,華語,603655,,,3025,
也許我不該 Hip-Hop 浩然 H.R,,華語,603656,,,3025,
野火燒不盡思念,,華語,603657,,,3025,
一杯離人淚 Hip-Hop 安揚.蘇星婕,,華語,603658,,,3025,
一起闖蕩,,華語,603659,,,3025,
因為在乎過(DJ彭銳版) House 程響,,華語,603661,,,3023,
遠方的花，家鄉的樹 中板靈魂樂 京劇·吳昊,,華語,603662,,,3023,
再見白馬,,華語,603663,,,3023,
咱說何必呢 梭 趙希予. 哈口 HaKo,,華語,603664,,,3023,
這雨下得好大,,華語,603666,,,3023,
自私的鬼,,華語,603668,,,3023,
自證清白,,華語,603669,,,3023,
總有山不清,,華語,603670,,,3023,
最寒心的不是雪和冰 Hip-Hop 王佳音,,華語,603671,,,3023,
最疼我的你,,華語,603672,,,3023,
做自己的光,,華語,603673,,,3024,
你的世界已萬人擁擠,,華語,603675,,,3025,
家鄉的雪花落不到我手心,,華語,603685,,,3025,
窗外下起雪,,華語,603687,,,3024,
你敢不敢像我一樣,,華語,603688,,,3024,
春和景明,,華語,603690,,,3024,
翡冷翠的夜不眠,,華語,603691,,,3024,
那是我貧瘠世界無法表達的愛 抒情搖滾 李飄飄,,華語,603697,,,3025,
你要等,,華語,603727,,,3024,
若你像月光,天過期的賬,華語,603728,,,3024,
服輸,,華語,603729,,,3024,
親手折斷的玫瑰,,華語,603730,,,3024,
穿堂風吹過我,,華語,603731,,,3024,
別再做傻瓜 原來我才是那只年獸 Disco Hip-Hop 指尖笑,,華語,603732,,,3024,
忘川夢幾分 抒情搖滾 泡芙芙 Scarlett. 怪獸,,華語,603742,,,3025,
夢中落空,,華語,603743,,,3025,
弦月彎彎,,華語,603744,,,3025,
雪國的森林,,華語,603747,,,3024,
相思愁生愁 愛得瘋狂,,華語,603748,,,3024,
我不想鼠 搖滾 宋鹽球,,華語,603754,,,3025,
讓善良長出荊棘,,華語,603755,,,3027,
霾,,華語,603756,,,3027,
夢的幻想日記,,華語,603757,,,3024,
赤伶,,華語,603758,,,3024,
無法控制的想念,,華語,603759,,,3027,
怎麼不算呢,,華語,603760,,,3027,
隱形刺青,,華語,603762,,,3024,
我跟你講我今天,,華語,603763,,,3027,
別害怕天總會亮,,華語,603764,,,3027,
攀山,,華語,603766,,,3027,
行星與太陽 我有一些話想對你說,,華語,603767,,,3024,
追悔,,華語,603768,,,3027,
叮叮,,華語,603771,,,3025,
恰到好處的幸福,,華語,603772,,,3025,
一根香煙半瓶酒,,華語,603774,,,3025,
丁字路口請轉彎,,華語,603779,,,3024,
顛沛流離 放過自己睡個好覺,,華語,603780,,,3024,
布衣蕭蕭,,華語,603789,,,3025,
沒有人會留著我的照片反復觀看 Hip-Hop 利用人如欲使用本產品於「公開場所」使用，請逕洽集管團體,,華語,603794,,,3025,
心動對味 Hip-Hop 王不醒,,華語,603797,,,3025,
30㎡,,華語,603804,,,3027,
玫瑰到了花期,,華語,603805,,,3027,
你到底有沒有認真愛過我 抒情搖滾 魚兒七,,華語,603806,,,3025,
夏，雨，和你 Hip-Hop 羊羊,,華語,603807,,,3025,
都是最好的,,華語,603808,,,3027,
大漠姑娘 梭 菲菲公主 (陸綺菲),,華語,603809,,,3025,
我不是那個誰,,華語,603810,,,3027,
秋意闌珊 落字為安,,華語,603811,,,3025,
孤芳,,華語,603812,,,3027,
夏季留言,,華語,603814,,,3027,
雨落滿巴黎城,,華語,603815,,,3027,
竹馬,,華語,603816,,,3027,
回憶淚幕,,華語,603827,,,3025,
風吹不散的執念,,華語,603829,,,3027,
滿是紅色 抒情搖滾 趙希予,,華語,603830,,,3025,
你是我藏在九月的喜歡 抒情搖滾 承桓,,華語,603831,,,3025,
月老偏心 梭 祥嘞嘞,,華語,603832,,,3025,
向前看吧,,華語,603833,,,3027,
我現在結婚生子有了幸福生活,,華語,603839,,,3025,
會有人懂我的認真,,華語,603843,,,3027,
群山外 月光白,,華語,603844,,,3027,
我不怕淋雨卻怕你為她撐傘 梭 承桓,,華語,603860,,,3025,
思念像煙火 House 利用人如欲使用本產品於「公開場所」使用，請逕洽集管團體或,,華語,603864,,,3023,
代謝,,華語,603865,,,3023,
婚紗和你都是夢,,華語,603866,,,3024,
不敢提及,,華語,603867,,,3024,
試愛TT,,華語,603869,,,3024,
夢浪,,華語,603873,,,3024,
他鄉的風吹啊吹,,華語,603874,,,3024,
枯木怎麼開花,,華語,603876,,,3024,
江離說,,華語,603877,,,3024,
替我南下,,華語,603878,,,3024,
泅泳,,華語,603879,,,3024,
從前多麼的深愛,,台語,603880,,,3024,
莫斯科的雪,,華語,603881,,,3024,
還要再受多少罪,,華語,603882,,,3024,
就做自己的光,,華語,603883,,,3024,
敗陣,,華語,603884,,,3024,
雪落下的街道,,華語,603885,,,3024,
愛隔萬重樓,,華語,603886,,,3024,
還在聽悲傷的歌,,華語,603887,,,3024,
流水不戀花,,華語,603888,,,3024,
雪飄回了從前,,華語,603893,,,3027,
情話說給晚風聽,,華語,603896,,,3027,
你很好很好,,華語,603897,,,3027,
愛已隕落,,華語,603899,,,3027,
老天安排,,華語,603900,,,3027,
漸逝的夢 你的心為我痛過嗎,,華語,603901,,,3027,
難道善良的人活該受傷,,華語,603902,,,3025,
藍色戀人 明年一定更幸福吧,,華語,603903,,,3027,
人作野狗,,華語,603904,,,3027,
抬頭看月亮思念有形狀,,華語,603906,,,3025,
聽風吹落葉,,華語,603907,,,3027,
盼一股暖風吹過,,華語,603908,,,3024,
凡能遇見的人,,華語,603909,,,3027,
你說你會陪我過完這個冬 Hip-Hop 承桓,,華語,603910,,,3025,
偏心,,華語,603911,,,3027,
星空下，百花開,,華語,603912,,,3027,
早已不順路,,華語,603913,,,3027,
六尺行天下融,,華語,603922,,,3027,
童話裡,,華語,603923,,,3027,
我想吹著歸途的風,,華語,603924,,,3027,
失溫航線,,華語,603925,,,3027,
故鄉下雪了,,華語,603926,,,3027,
也許你們,,華語,603927,,,3027,
何處覓歸人,,華語,603928,,,3027,
饑渴,,華語,603929,,,3027,
姻緣簽,,華語,603931,,,3027,
春晝挽月歌,,華語,603932,,,3027,
我自己說的算,,華語,603934,,,3027,
你看啊,,華語,603935,,,3027,
我想做回孩子,,華語,603936,,,3027,
愛是人魚藍色的眼淚 Hip-Hop 魚兒七,,華語,603937,,,3025,
冬天的問候,花開花落人生如歌,華語,603938,,,3027,
膽小鬼,,華語,603939,,,3027,
5秒19,,華語,603940,,,3025,
愛的迷魂陣,,華語,603941,,,3027,
了結,,華語,603942,,,3027,
輕描淡寫,,華語,603943,,,3027,
孤單手稿,,華語,603944,,,3027,
我的心下起了雪,,華語,603948,,,3027,
當鐘聲敲過了新年 迪斯可 範茹,,華語,603949,,,3025,
故鄉啊故鄉,,華語,603950,,,3027,
我終於讀懂 抒情搖滾 擱淺的魚. 善宇,,華語,603951,,,3027,
啞火,,華語,603952,,,3027,
我都在想你,,台語,63476,,,3019,
為情徘徊,,台語,63477,,,3019,
生命的星辰,,國語,63478,,,3018,
夢中一片幻想,,國語,63479,,,3018,
飄蕩在春風裡,,台語,63480,,,3024,
感受愛的力量,,台語,63481,,,3020,
小星星與月亮,,台語,63482,,,3024,
繞過羊腸小道,,台語,63483,,,3021,
期待夢中相見,,台語,63484,,,3020,
妹有情郎有意,,台語,63485,,,3021,
心靈的傷痕,,台語,63486,,,3021,
傷心的夢,,台語,66228,,,3018,
生疏的城市,,台語,66229,,,3018,
秋風飄落葉,,台語,66230,,,3019,
心像海湧袂平靜 Slow Swing 楚為仁,,台語,66231,,,3022,
思念總在離別後,,台語,66232,,,3018,
風吹散咱的情 特魯多 歌號 英文歌曲 王培宇,,台語,66233,,,3019,
破碎的夢,,台語,66234,,,3022,
感受你的愛,,台語,66235,,,3022,
惜別台北港 特魯多 依琳,,台語,66236,,,3023,
天星伴稀微,,台語,66237,,,3019,
痛苦男人心 Bolero 李宜均,,台語,66238,,,3022,
心內有數,,台語,66239,,,3024,
孤單伴稀微,,台語,66240,,,3021,
感情路上只有我 探戈 歌號 英文歌曲 王培宇,,台語,66241,,,3020,
雙人咖啡 梭 慕容婕柃,,台語,66242,,,3023,
麥擱再想你 探戈 張惠琦(聿綾) 歌號 粵語歌曲,,台語,66243,,,3024,
想你千萬回 House 祥嘞嘞,,台語,66244,,,3024,
唱幸福的歌 倫巴 程美玉(如玉),,台語,66245,,,3023,
傻傻塊等待,,台語,66246,,,3020,
放乎袂記,,台語,66247,,,3024,
拒絕往來,,台語,66248,,,3020,
你是我生命中的水,,台語,66249,,,3022,
心碎的戀夢,,台語,66250,,,3024,
愛你的心堅定,,台語,66251,,,3021,
樂觀的歌手,,台語,66252,,,3023,
夢像煙火 特魯多 蔡玫樺,,台語,66253,,,3023,
